segment_id,week_start,pothole_week_saturday,d2ds_survey_saturday,date_requested,date_closed,days_to_fix,fixed_before_d2ds_survey
SS-005962-PV1,2025-06-07,2025-06-07,2025-06-21,2025-06-09,2025-06-11,2.0,1
SS-028616-PV1,2025-11-15,2025-11-15,2025-11-29,2025-11-19,2025-11-20,1.0,1
SS-028632-PV1,2025-11-01,2025-11-01,2025-11-15,2025-11-06,2025-11-10,4.0,1
SS-001862-PV1,2025-10-25,2025-10-25,2025-11-08,2025-10-25,2025-10-27,2.0,1
SS-032178-PV1,2025-10-25,2025-10-25,2025-11-08,2025-10-25,2025-10-27,2.0,1
SS-010899-PV1,2025-10-11,2025-10-11,2025-10-25,2025-10-16,2025-10-27,11.0,0
SS-019048-PV1,2025-10-25,2025-10-25,2025-11-08,2025-10-26,2025-10-27,1.0,1
SS-018051-PV1,2025-11-08,2025-11-08,2025-11-22,2025-11-12,2025-11-14,2.0,1
SS-026999-PV1,2025-09-06,2025-09-06,2025-09-20,2025-09-08,2025-09-10,2.0,1
SS-005895-PV1,2025-10-25,2025-10-25,2025-11-08,2025-10-25,2025-10-27,2.0,1
SS-024436-PV1,2022-04-09,2022-04-09,2022-04-23,2022-04-12,2022-04-25,13.0,0
SS-023983-PV1,2025-08-02,2025-08-02,2025-08-16,2025-08-08,2025-08-12,4.0,1
SS-007429-PV1,2025-08-09,2025-08-09,2025-08-23,2025-08-11,2025-08-12,1.0,1
SS-019526-PV1,2025-11-22,2025-11-22,2025-12-06,2025-11-26,2025-11-26,0.0,1
SS-024436-PV1,2025-11-15,2025-11-15,2025-11-29,2025-11-21,2025-11-26,5.0,1
SS-024435-PV1,2025-11-15,2025-11-15,2025-11-29,2025-11-21,2025-11-24,3.0,1
SS-028632-PV1,2025-11-22,2025-11-22,2025-12-06,2025-11-23,2025-11-24,1.0,1
SS-008858-PV1,2025-11-15,2025-11-15,2025-11-29,2025-11-20,2025-11-24,4.0,1
SS-024435-PV1,2025-11-15,2025-11-15,2025-11-29,2025-11-21,2025-11-24,3.0,1
SS-009170-PV1,2025-11-15,2025-11-15,2025-11-29,2025-11-19,2025-11-24,5.0,1
SS-025852-PV1,2025-11-15,2025-11-15,2025-11-29,2025-11-21,2025-11-24,3.0,1
SS-008891-PV1,2025-11-22,2025-11-22,2025-12-06,2025-11-24,2025-11-25,1.0,1
SS-018370-PV1,2025-11-22,2025-11-22,2025-12-06,2025-11-25,2025-11-25,0.0,1
SS-019048-PV1,2025-11-08,2025-11-08,2025-11-22,2025-11-09,2025-11-12,3.0,1
SS-014163-PV1,2025-11-08,2025-11-08,2025-11-22,2025-11-11,2025-11-12,1.0,1
SS-019048-PV1,2025-11-01,2025-11-01,2025-11-15,2025-11-04,2025-11-12,8.0,1
SS-012654-PV1,2025-11-08,2025-11-08,2025-11-22,2025-11-08,2025-11-12,4.0,1
SS-018370-PV1,2025-09-27,2025-09-27,2025-10-11,2025-10-01,2025-10-06,5.0,1
SS-000797-PV1,2023-04-01,2023-04-01,2023-04-15,2023-04-04,2023-04-07,3.0,1
SS-019235-PV1,2024-07-27,2024-07-27,2024-08-10,2024-07-30,2024-08-02,3.0,1
SS-025525-PV1,2022-11-05,2022-11-05,2022-11-19,2022-11-06,2022-12-27,51.0,0
SS-012241-PV1,2025-04-05,2025-04-05,2025-04-19,2025-04-07,2025-04-17,10.0,1
SS-022187-PV1,2024-03-30,2024-03-30,2024-04-13,2024-04-03,2024-04-08,5.0,1
SS-008891-PV1,2024-10-26,2024-10-26,2024-11-09,2024-10-29,2024-10-31,2.0,1
SS-007484-PV1,2025-05-24,2025-05-24,2025-06-07,2025-05-25,2025-05-29,4.0,1
SS-016053-PV1,2024-02-10,2024-02-10,2024-02-24,2024-02-14,2024-02-20,6.0,1
SS-021280-PV1,2024-02-10,2024-02-10,2024-02-24,2024-02-11,2024-02-26,15.0,0
SS-010478-PV1,2025-03-01,2025-03-01,2025-03-15,2025-03-02,2025-04-25,54.0,0
SS-015811-PV1,2025-09-06,2025-09-06,2025-09-20,2025-09-08,2025-09-10,2.0,1
SS-001661-PV1,2024-12-21,2024-12-21,2025-01-04,2024-12-24,2025-01-06,13.0,0
SS-010344-PV1,2023-03-11,2023-03-11,2023-03-25,2023-03-13,2023-04-10,28.0,0
SS-020484-PV1,2025-08-23,2025-08-23,2025-09-06,2025-08-28,2025-09-03,6.0,1
SS-005693-PV1,2023-01-14,2023-01-14,2023-01-28,2023-01-19,2023-02-01,13.0,0
SS-018051-PV1,2023-01-21,2023-01-21,2023-02-04,2023-01-24,2023-01-28,4.0,1
SS-025852-PV1,2024-01-20,2024-01-20,2024-02-03,2024-01-23,2024-01-30,7.0,1
SS-024172-PV1,2024-09-07,2024-09-07,2024-09-21,2024-09-13,2024-09-20,7.0,1
SS-009641-PV1,2024-12-21,2024-12-21,2025-01-04,2024-12-21,2024-12-31,10.0,1
SS-016568-PV1,2022-06-04,2022-06-04,2022-06-18,2022-06-05,2022-06-10,5.0,1
SS-020328-PV1,2022-10-15,2022-10-15,2022-10-29,2022-10-20,2022-11-02,13.0,0
SS-012654-PV1,2022-03-19,2022-03-19,2022-04-02,2022-03-25,2022-04-11,17.0,0
SS-023834-PV1,2021-07-31,2021-07-31,2021-08-14,2021-08-04,2021-08-10,6.0,1
SS-002760-PV1,2021-04-03,2021-04-03,2021-04-17,2021-04-05,2021-06-15,71.0,0
SS-027000-PV1,2022-02-26,2022-02-26,2022-03-12,2022-02-27,2022-03-08,9.0,1
SS-028228-PV1,2022-01-22,2022-01-22,2022-02-05,2022-01-28,2022-02-09,12.0,0
SS-019048-PV1,2021-03-27,2021-03-27,2021-04-10,2021-03-30,2021-05-04,35.0,0
SS-003537-PV1,2021-02-13,2021-02-13,2021-02-27,2021-02-19,2021-02-20,1.0,1
SS-026643-PV1,2022-01-22,2022-01-22,2022-02-05,2022-01-22,2022-01-31,9.0,1
SS-028266-PV1,2022-02-26,2022-02-26,2022-03-12,2022-03-02,2022-03-24,22.0,0
SS-027600-PV1,2025-10-04,2025-10-04,2025-10-18,2025-10-08,2025-10-13,5.0,1
SS-025538-PV1,2025-10-04,2025-10-04,2025-10-18,2025-10-09,2025-10-13,4.0,1
SS-008086-PV1,2025-10-11,2025-10-11,2025-10-25,2025-10-15,2025-10-16,1.0,1
SS-008147-PV1,2025-09-27,2025-09-27,2025-10-11,2025-09-27,2025-09-29,2.0,1
SS-012282-PV1,2025-09-27,2025-09-27,2025-10-11,2025-09-27,2025-09-29,2.0,1
SS-030370-PV1,2025-09-27,2025-09-27,2025-10-11,2025-09-30,2025-10-06,6.0,1
SS-023983-PV1,2025-11-22,2025-11-22,2025-12-06,2025-11-26,2025-12-08,12.0,0
SS-007931-PV1,2025-12-20,2025-12-20,2026-01-03,2025-12-22,2025-12-23,1.0,1
SS-008790-PV1,2025-12-13,2025-12-13,2025-12-27,2025-12-14,2025-12-22,8.0,1
SS-019048-PV1,2025-11-29,2025-11-29,2025-12-13,2025-12-04,2025-12-10,6.0,1
SS-006312-PV1,2025-11-15,2025-11-15,2025-11-29,2025-11-21,2025-12-11,20.0,0
SS-011151-PV1,2025-11-22,2025-11-22,2025-12-06,2025-11-26,2025-12-04,8.0,1
SS-024172-PV1,2025-12-20,2025-12-20,2026-01-03,2025-12-24,2025-12-30,6.0,1
SS-024435-PV1,2025-09-27,2025-09-27,2025-10-11,2025-09-29,2025-09-30,1.0,1
SS-008104-PV1,2021-06-26,2021-06-26,2021-07-10,2021-06-26,2021-07-02,6.0,1
SS-016746-PV1,2023-09-23,2023-09-23,2023-10-07,2023-09-25,2023-10-03,8.0,1
SS-015811-PV1,2025-07-12,2025-07-12,2025-07-26,2025-07-16,2025-07-18,2.0,1
SS-003664-PV1,2025-07-12,2025-07-12,2025-07-26,2025-07-16,2025-07-18,2.0,1
SS-022187-PV1,2025-06-21,2025-06-21,2025-07-05,2025-06-21,2025-07-15,24.0,0
SS-010172-PV1,2025-12-06,2025-12-06,2025-12-20,2025-12-07,2025-12-08,1.0,1
SS-011149-PV1,2025-12-20,2025-12-20,2026-01-03,2025-12-24,2025-12-29,5.0,1
SS-024436-PV1,2025-11-29,2025-11-29,2025-12-13,2025-12-03,2025-12-04,1.0,1
SS-011151-PV1,2025-11-22,2025-11-22,2025-12-06,2025-11-23,2025-12-09,16.0,0
SS-028632-PV1,2025-12-27,2025-12-27,2026-01-10,2025-12-27,2025-12-27,0.0,1
SS-030370-PV1,2025-11-29,2025-11-29,2025-12-13,2025-12-02,2025-12-17,15.0,0
SS-024435-PV1,2025-11-29,2025-11-29,2025-12-13,2025-12-03,2025-12-04,1.0,1
SS-017343-PV1,2025-11-15,2025-11-15,2025-11-29,2025-11-21,2025-12-02,11.0,0
SS-019048-PV1,2025-12-13,2025-12-13,2025-12-27,2025-12-14,2025-12-15,1.0,1
SS-012961-PV1,2025-06-21,2025-06-21,2025-07-05,2025-06-24,2025-06-26,2.0,1
SS-027941-PV1,2025-06-21,2025-06-21,2025-07-05,2025-06-24,2025-06-26,2.0,1
SS-012962-PV1,2025-06-21,2025-06-21,2025-07-05,2025-06-24,2025-06-26,2.0,1
SS-017395-PV1,2025-06-14,2025-06-14,2025-06-28,2025-06-15,2025-06-17,2.0,1
SS-009172-PV1,2025-03-15,2025-03-15,2025-03-29,2025-03-15,2025-06-07,84.0,0
SS-024470-PV1,2025-05-24,2025-05-24,2025-06-07,2025-05-30,2025-06-07,8.0,0
SS-009170-PV1,2025-03-15,2025-03-15,2025-03-29,2025-03-15,2025-06-20,97.0,0
SS-009178-PV1,2025-02-15,2025-02-15,2025-03-01,2025-02-19,2025-06-20,121.0,0
SS-006312-PV1,2025-06-14,2025-06-14,2025-06-28,2025-06-16,2025-06-20,4.0,1
SS-022484-PV1,2025-06-14,2025-06-14,2025-06-28,2025-06-20,2025-06-20,0.0,1
SS-028266-PV1,2025-05-31,2025-05-31,2025-06-14,2025-06-05,2025-06-24,19.0,0
SS-026978-PV1,2022-03-05,2022-03-05,2022-03-19,2022-03-11,2022-03-16,5.0,1
SS-023835-PV1,2021-07-17,2021-07-17,2021-07-31,2021-07-19,2021-08-04,16.0,0
SS-017395-PV1,2021-11-20,2021-11-20,2021-12-04,2021-11-23,2021-12-06,13.0,0
SS-005895-PV1,2021-02-27,2021-02-27,2021-03-13,2021-03-05,2021-04-21,47.0,0
SS-006750-PV1,2022-04-02,2022-04-02,2022-04-16,2022-04-05,2022-04-12,7.0,1
SS-016402-PV1,2022-04-09,2022-04-09,2022-04-23,2022-04-09,2022-04-25,16.0,0
SS-015784-PV1,2025-11-01,2025-11-01,2025-11-15,2025-11-05,2025-11-07,2.0,1
SS-015811-PV1,2025-11-01,2025-11-01,2025-11-15,2025-11-05,2025-11-07,2.0,1
SS-018982-PV1,2022-03-19,2022-03-19,2022-04-02,2022-03-22,2022-03-25,3.0,1
SS-008148-PV1,2021-05-15,2021-05-15,2021-05-29,2021-05-16,2021-07-22,67.0,0
SS-008083-PV1,2021-02-27,2021-02-27,2021-03-13,2021-03-04,2021-04-16,43.0,0
SS-012681-PV1,2022-02-05,2022-02-05,2022-02-19,2022-02-10,2022-02-24,14.0,0
SS-019048-PV1,2022-04-02,2022-04-02,2022-04-16,2022-04-02,2022-04-12,10.0,1
SS-030370-PV1,2021-07-31,2021-07-31,2021-08-14,2021-08-04,2021-08-11,7.0,1
SS-014124-PV1,2022-03-26,2022-03-26,2022-04-09,2022-03-28,2022-03-29,1.0,1
SS-026586-PV1,2022-02-05,2022-02-05,2022-02-19,2022-02-10,2022-04-18,67.0,0
SS-021062-PV1,2022-04-09,2022-04-09,2022-04-23,2022-04-14,2022-04-18,4.0,1
SS-029615-PV1,2021-11-13,2021-11-13,2021-11-27,2021-11-15,2021-11-17,2.0,1
SS-015846-PV1,2021-08-28,2021-08-28,2021-09-11,2021-09-02,2021-09-10,8.0,1
SS-015811-PV1,2022-03-12,2022-03-12,2022-03-26,2022-03-16,2022-03-22,6.0,1
SS-019126-PV1,2022-04-02,2022-04-02,2022-04-16,2022-04-07,2022-04-12,5.0,1
SS-027368-PV1,2021-12-18,2021-12-18,2022-01-01,2021-12-20,2022-01-06,17.0,0
SS-023625-PV1,2021-05-01,2021-05-01,2021-05-15,2021-05-03,2021-08-27,116.0,0
SS-023625-PV1,2021-05-01,2021-05-01,2021-05-15,2021-05-03,2021-08-27,116.0,0
SS-002243-PV1,2022-03-26,2022-03-26,2022-04-09,2022-03-28,2022-04-14,17.0,0
SS-026586-PV1,2022-01-01,2022-01-01,2022-01-15,2022-01-07,2022-02-02,26.0,0
SS-006750-PV1,2022-03-19,2022-03-19,2022-04-02,2022-03-21,2022-03-24,3.0,1
SS-003666-PV1,2021-07-24,2021-07-24,2021-08-07,2021-07-29,2021-08-11,13.0,0
SS-014738-PV1,2021-07-17,2021-07-17,2021-07-31,2021-07-23,2021-08-26,34.0,0
SS-006486-PV1,2021-06-12,2021-06-12,2021-06-26,2021-06-16,2021-06-21,5.0,1
SS-001893-PV1,2021-03-20,2021-03-20,2021-04-03,2021-03-23,2021-07-16,115.0,0
SS-022955-PV1,2021-10-16,2021-10-16,2021-10-30,2021-10-16,2021-10-19,3.0,1
SS-025538-PV1,2021-05-08,2021-05-08,2021-05-22,2021-05-09,2021-05-13,4.0,1
SS-005895-PV1,2021-05-08,2021-05-08,2021-05-22,2021-05-09,2021-05-13,4.0,1
SS-025853-PV1,2021-12-25,2021-12-25,2022-01-08,2021-12-26,2021-12-29,3.0,1
SS-024435-PV1,2022-04-09,2022-04-09,2022-04-23,2022-04-09,2022-04-25,16.0,0
SS-023834-PV1,2021-06-05,2021-06-05,2021-06-19,2021-06-05,2021-07-13,38.0,0
SS-030341-PV1,2021-05-15,2021-05-15,2021-05-29,2021-05-19,2021-06-03,15.0,0
SS-029604-PV1,2021-12-18,2021-12-18,2022-01-01,2021-12-23,2021-12-29,6.0,1
SS-024435-PV1,2021-11-27,2021-11-27,2021-12-11,2021-12-02,2021-12-08,6.0,1
SS-024753-PV1,2022-03-19,2022-03-19,2022-04-02,2022-03-20,2022-04-05,16.0,0
SS-005895-PV1,2022-03-19,2022-03-19,2022-04-02,2022-03-23,2022-04-11,19.0,0
SS-014163-PV1,2022-01-15,2022-01-15,2022-01-29,2022-01-16,2022-01-24,8.0,1
SS-022955-PV1,2021-08-14,2021-08-14,2021-08-28,2021-08-20,2021-08-25,5.0,1
SS-001197-PV1,2021-07-31,2021-07-31,2021-08-14,2021-08-04,2021-08-10,6.0,1
SS-016403-PV1,2022-03-26,2022-03-26,2022-04-09,2022-03-29,2022-04-14,16.0,0
SS-015981-PV1,2021-09-11,2021-09-11,2021-09-25,2021-09-11,2021-09-20,9.0,1
SS-003537-PV1,2022-03-05,2022-03-05,2022-03-19,2022-03-11,2022-03-21,10.0,0
SS-022957-PV1,2021-08-14,2021-08-14,2021-08-28,2021-08-18,2021-08-24,6.0,1
SS-017450-PV1,2021-09-25,2021-09-25,2021-10-09,2021-09-30,2021-10-04,4.0,1
SS-020459-PV1,2022-04-09,2022-04-09,2022-04-23,2022-04-14,2022-04-18,4.0,1
SS-016404-PV1,2022-04-09,2022-04-09,2022-04-23,2022-04-12,2022-04-25,13.0,0
SS-027640-PV1,2021-07-03,2021-07-03,2021-07-17,2021-07-08,2021-07-30,22.0,0
SS-023011-PV1,2022-03-05,2022-03-05,2022-03-19,2022-03-11,2022-03-29,18.0,0
SS-026006-PV1,2021-04-17,2021-04-17,2021-05-01,2021-04-22,2021-04-30,8.0,1
SS-012396-PV1,2022-02-05,2022-02-05,2022-02-19,2022-02-08,2022-02-15,7.0,1
SS-021686-PV1,2021-12-11,2021-12-11,2021-12-25,2021-12-15,2021-12-17,2.0,1
SS-028725-PV1,2021-12-18,2021-12-18,2022-01-01,2021-12-18,2021-12-21,3.0,1
SS-018252-PV1,2022-01-29,2022-01-29,2022-02-12,2022-02-02,2022-02-08,6.0,1
SS-028230-PV1,2021-03-27,2021-03-27,2021-04-10,2021-03-29,2021-07-09,102.0,0
SS-023625-PV1,2025-09-13,2025-09-13,2025-09-27,2025-09-17,2025-09-18,1.0,1
SS-027271-PV1,2022-03-05,2022-03-05,2022-03-19,2022-03-09,2022-03-14,5.0,1
SS-028602-PV1,2021-06-19,2021-06-19,2021-07-03,2021-06-19,2021-07-07,18.0,0
SS-024164-PV1,2022-04-09,2022-04-09,2022-04-23,2022-04-15,2022-04-25,10.0,0
SS-016333-PV1,2025-09-20,2025-09-20,2025-10-04,2025-09-23,2025-09-26,3.0,1
SS-030305-PV1,2025-09-20,2025-09-20,2025-10-04,2025-09-23,2025-09-26,3.0,1
SS-022187-PV1,2021-08-07,2021-08-07,2021-08-21,2021-08-07,2021-08-11,4.0,1
SS-030305-PV1,2025-09-20,2025-09-20,2025-10-04,2025-09-23,2025-09-26,3.0,1
SS-016333-PV1,2025-09-20,2025-09-20,2025-10-04,2025-09-23,2025-09-26,3.0,1
SS-030305-PV1,2025-09-20,2025-09-20,2025-10-04,2025-09-23,2025-09-26,3.0,1
SS-030305-PV1,2025-09-20,2025-09-20,2025-10-04,2025-09-23,2025-09-26,3.0,1
SS-019048-PV1,2021-10-09,2021-10-09,2021-10-23,2021-10-14,2021-10-15,1.0,1
SS-026335-PV1,2022-02-19,2022-02-19,2022-03-05,2022-02-21,2022-03-03,10.0,1
SS-019125-PV1,2021-06-05,2021-06-05,2021-06-19,2021-06-11,2021-08-02,52.0,0
SS-019237-PV1,2022-01-15,2022-01-15,2022-01-29,2022-01-18,2022-01-31,13.0,0
SS-029206-PV1,2022-01-01,2022-01-01,2022-01-15,2022-01-07,2022-01-08,1.0,1
SS-030340-PV1,2022-04-16,2022-04-16,2022-04-30,2022-04-20,2022-04-25,5.0,1
SS-024360-PV1,2022-04-02,2022-04-02,2022-04-16,2022-04-04,2022-04-15,11.0,1
SS-008891-PV1,2021-10-30,2021-10-30,2021-11-13,2021-11-05,2021-11-09,4.0,1
SS-029604-PV1,2021-11-13,2021-11-13,2021-11-27,2021-11-15,2021-11-17,2.0,1
SS-014163-PV1,2021-11-20,2021-11-20,2021-12-04,2021-11-20,2021-11-23,3.0,1
SS-006568-PV1,2022-04-09,2022-04-09,2022-04-23,2022-04-13,2022-04-18,5.0,1
SS-023270-PV1,2021-01-16,2021-01-16,2021-01-30,2021-01-19,2021-02-19,31.0,0
SS-023625-PV1,2025-08-16,2025-08-16,2025-08-30,2025-08-18,2025-08-27,9.0,1
SS-023625-PV1,2025-08-16,2025-08-16,2025-08-30,2025-08-18,2025-08-27,9.0,1
SS-017343-PV1,2025-09-27,2025-09-27,2025-10-11,2025-09-30,2025-10-01,1.0,1
SS-011000-PV1,2022-03-19,2022-03-19,2022-04-02,2022-03-24,2022-04-06,13.0,0
SS-025238-PV1,2022-04-02,2022-04-02,2022-04-16,2022-04-08,2022-04-14,6.0,1
SS-026587-PV1,2021-11-06,2021-11-06,2021-11-20,2021-11-07,2021-11-09,2.0,1
SS-001861-PV1,2022-01-08,2022-01-08,2022-01-22,2022-01-10,2022-01-15,5.0,1
SS-003665-PV1,2022-01-22,2022-01-22,2022-02-05,2022-01-28,2022-02-14,17.0,0
SS-025852-PV1,2025-08-30,2025-08-30,2025-09-13,2025-09-05,2025-09-11,6.0,1
SS-024435-PV1,2025-08-30,2025-08-30,2025-09-13,2025-09-05,2025-09-11,6.0,1
SS-022187-PV1,2025-08-30,2025-08-30,2025-09-13,2025-09-01,2025-09-11,10.0,1
SS-012152-PV1,2025-09-13,2025-09-13,2025-09-27,2025-09-15,2025-09-17,2.0,1
SS-012152-PV1,2025-09-13,2025-09-13,2025-09-27,2025-09-15,2025-09-17,2.0,1
SS-023195-PV1,2025-08-23,2025-08-23,2025-09-06,2025-08-27,2025-08-28,1.0,1
SS-023625-PV1,2025-07-26,2025-07-26,2025-08-09,2025-07-31,2025-08-05,5.0,1
SS-030277-PV1,2025-06-21,2025-06-21,2025-07-05,2025-06-23,2025-06-25,2.0,1
SS-012509-PV1,2021-10-02,2021-10-02,2021-10-16,2021-10-06,2021-10-08,2.0,1
SS-021987-PV1,2025-07-26,2025-07-26,2025-08-09,2025-07-27,2025-07-30,3.0,1
SS-019237-PV1,2025-07-26,2025-07-26,2025-08-09,2025-07-29,2025-07-30,1.0,1
SS-025491-PV1,2021-11-13,2021-11-13,2021-11-27,2021-11-15,2021-11-17,2.0,1
SS-005895-PV1,2021-06-12,2021-06-12,2021-06-26,2021-06-18,2021-07-08,20.0,0
SS-013183-PV1,2025-07-05,2025-07-05,2025-07-19,2025-07-11,2025-07-29,18.0,0
SS-019277-PV1,2025-07-19,2025-07-19,2025-08-02,2025-07-23,2025-07-29,6.0,1
SS-028266-PV1,2025-08-02,2025-08-02,2025-08-16,2025-08-07,2025-08-11,4.0,1
SS-028632-PV1,2025-10-11,2025-10-11,2025-10-25,2025-10-16,2025-10-17,1.0,1
SS-001861-PV1,2025-10-11,2025-10-11,2025-10-25,2025-10-14,2025-10-17,3.0,1
SS-012509-PV1,2024-06-29,2024-06-29,2024-07-13,2024-07-01,2024-07-05,4.0,1
SS-008147-PV1,2023-03-18,2023-03-18,2023-04-01,2023-03-24,2023-03-27,3.0,1
SS-011151-PV1,2023-08-05,2023-08-05,2023-08-19,2023-08-07,2023-08-11,4.0,1
SS-025538-PV1,2022-02-26,2022-02-26,2022-03-12,2022-03-03,2022-03-16,13.0,0
SS-013568-PV1,2021-11-27,2021-11-27,2021-12-11,2021-11-30,2021-12-02,2.0,1
SS-018370-PV1,2021-10-02,2021-10-02,2021-10-16,2021-10-05,2021-10-08,3.0,1
SS-017455-PV1,2022-01-29,2022-01-29,2022-02-12,2022-02-01,2022-02-04,3.0,1
SS-014164-PV1,2021-03-20,2021-03-20,2021-04-03,2021-03-23,2021-04-23,31.0,0
SS-023625-PV1,2022-12-10,2022-12-10,2022-12-24,2022-12-13,2023-01-26,44.0,0
SS-012152-PV1,2025-09-13,2025-09-13,2025-09-27,2025-09-14,2025-09-16,2.0,1
SS-012105-PV1,2025-08-16,2025-08-16,2025-08-30,2025-08-18,2025-08-22,4.0,1
SS-022182-PV1,2025-08-09,2025-08-09,2025-08-23,2025-08-14,2025-08-21,7.0,1
SS-014124-PV1,2025-08-16,2025-08-16,2025-08-30,2025-08-19,2025-08-21,2.0,1
SS-003537-PV1,2021-12-11,2021-12-11,2021-12-25,2021-12-14,2021-12-17,3.0,1
SS-009199-PV1,2021-12-04,2021-12-04,2021-12-18,2021-12-09,2021-12-10,1.0,1
SS-027271-PV1,2021-10-23,2021-10-23,2021-11-06,2021-10-28,2021-11-01,4.0,1
SS-012026-PV1,2022-02-26,2022-02-26,2022-03-12,2022-03-03,2022-03-14,11.0,0
SS-024164-PV1,2023-03-25,2023-03-25,2023-04-08,2023-03-26,2023-04-05,10.0,1
SS-018370-PV1,2023-04-08,2023-04-08,2023-04-22,2023-04-14,2023-04-24,10.0,0
SS-025852-PV1,2025-02-08,2025-02-08,2025-02-22,2025-02-13,2025-02-26,13.0,0
SS-015811-PV1,2023-09-30,2023-09-30,2023-10-14,2023-10-03,2023-10-12,9.0,1
SS-003665-PV1,2025-03-15,2025-03-15,2025-03-29,2025-03-20,2025-04-15,26.0,0
SS-029615-PV1,2023-11-11,2023-11-11,2023-11-25,2023-11-17,2023-11-22,5.0,1
SS-024435-PV1,2025-02-22,2025-02-22,2025-03-08,2025-02-26,2025-04-15,48.0,0
SS-002243-PV1,2022-07-23,2022-07-23,2022-08-06,2022-07-28,2022-08-08,11.0,0
SS-017325-PV1,2025-03-01,2025-03-01,2025-03-15,2025-03-01,2025-04-28,58.0,0
SS-005895-PV1,2024-04-13,2024-04-13,2024-04-27,2024-04-16,2024-04-19,3.0,1
SS-005895-PV1,2024-02-03,2024-02-03,2024-02-17,2024-02-03,2024-02-14,11.0,1
SS-011618-PV1,2021-03-13,2021-03-13,2021-03-27,2021-03-15,2021-04-12,28.0,0
SS-017639-PV1,2024-12-14,2024-12-14,2024-12-28,2024-12-17,2025-01-13,27.0,0
SS-028266-PV1,2025-04-12,2025-04-12,2025-04-26,2025-04-12,2025-04-23,11.0,1
SS-009615-PV1,2024-03-16,2024-03-16,2024-03-30,2024-03-17,2024-04-24,38.0,0
SS-029604-PV1,2023-08-05,2023-08-05,2023-08-19,2023-08-07,2023-08-22,15.0,0
SS-029471-PV1,2022-12-31,2022-12-31,2023-01-14,2023-01-02,2023-01-02,0.0,1
SS-016333-PV1,2023-07-01,2023-07-01,2023-07-15,2023-07-06,2023-07-18,12.0,0
SS-019462-PV1,2024-03-02,2024-03-02,2024-03-16,2024-03-02,2024-03-05,3.0,1
SS-020832-PV1,2024-03-30,2024-03-30,2024-04-13,2024-04-02,2024-04-06,4.0,1
SS-007486-PV1,2022-06-04,2022-06-04,2022-06-18,2022-06-08,2022-06-15,7.0,1
SS-016764-PV1,2024-04-06,2024-04-06,2024-04-20,2024-04-10,2024-04-15,5.0,1
SS-012295-PV1,2022-09-10,2022-09-10,2022-09-24,2022-09-15,2022-09-27,12.0,0
SS-030341-PV1,2024-07-06,2024-07-06,2024-07-20,2024-07-09,2024-07-12,3.0,1
SS-004261-PV1,2024-10-05,2024-10-05,2024-10-19,2024-10-06,2024-10-11,5.0,1
SS-012578-PV1,2025-04-26,2025-04-26,2025-05-10,2025-05-01,2025-05-03,2.0,1
SS-019198-PV1,2023-04-08,2023-04-08,2023-04-22,2023-04-08,2023-04-11,3.0,1
SS-020538-PV1,2023-06-17,2023-06-17,2023-07-01,2023-06-21,2023-06-23,2.0,1
SS-030341-PV1,2023-02-25,2023-02-25,2023-03-11,2023-03-02,2023-03-16,14.0,0
SS-001862-PV1,2025-03-22,2025-03-22,2025-04-05,2025-03-24,2025-04-23,30.0,0
SS-017852-PV1,2023-02-04,2023-02-04,2023-02-18,2023-02-04,2023-02-09,5.0,1
SS-020875-PV1,2023-01-14,2023-01-14,2023-01-28,2023-01-16,2023-02-07,22.0,0
SS-009641-PV1,2023-07-15,2023-07-15,2023-07-29,2023-07-15,2023-07-18,3.0,1
SS-020545-PV1,2025-03-01,2025-03-01,2025-03-15,2025-03-05,2025-04-22,48.0,0
SS-009641-PV1,2023-09-23,2023-09-23,2023-10-07,2023-09-27,2023-09-29,2.0,1
SS-011897-PV1,2022-09-24,2022-09-24,2022-10-08,2022-09-29,2022-10-05,6.0,1
SS-015433-PV1,2023-01-28,2023-01-28,2023-02-11,2023-01-29,2023-02-07,9.0,1
SS-017852-PV1,2022-08-20,2022-08-20,2022-09-03,2022-08-23,2022-08-25,2.0,1
SS-024435-PV1,2024-10-05,2024-10-05,2024-10-19,2024-10-11,2024-10-14,3.0,1
SS-021281-PV1,2023-01-28,2023-01-28,2023-02-11,2023-01-30,2023-02-07,8.0,1
SS-003166-PV1,2024-04-06,2024-04-06,2024-04-20,2024-04-08,2024-04-10,2.0,1
SS-024172-PV1,2024-08-31,2024-08-31,2024-09-14,2024-09-03,2024-09-05,2.0,1
SS-019048-PV1,2022-07-09,2022-07-09,2022-07-23,2022-07-15,2022-07-18,3.0,1
SS-005895-PV1,2023-09-23,2023-09-23,2023-10-07,2023-09-25,2023-09-27,2.0,1
SS-016204-PV1,2023-07-29,2023-07-29,2023-08-12,2023-08-01,2023-08-07,6.0,1
SS-010172-PV1,2024-04-06,2024-04-06,2024-04-20,2024-04-12,2024-04-17,5.0,1
SS-005895-PV1,2021-10-02,2021-10-02,2021-10-16,2021-10-06,2021-10-13,7.0,1
SS-001862-PV1,2021-10-02,2021-10-02,2021-10-16,2021-10-06,2021-10-08,2.0,1
SS-001862-PV1,2022-01-08,2022-01-08,2022-01-22,2022-01-14,2022-01-20,6.0,1
SS-016401-PV1,2022-03-05,2022-03-05,2022-03-19,2022-03-06,2022-03-14,8.0,1
SS-026587-PV1,2022-03-26,2022-03-26,2022-04-09,2022-03-29,2022-04-22,24.0,0
SS-019048-PV1,2024-06-29,2024-06-29,2024-07-13,2024-06-30,2024-07-02,2.0,1
SS-021965-PV1,2023-10-07,2023-10-07,2023-10-21,2023-10-13,2023-10-16,3.0,1
SS-010324-PV1,2025-03-08,2025-03-08,2025-03-22,2025-03-14,2025-04-24,41.0,0
SS-016266-PV1,2024-01-13,2024-01-13,2024-01-27,2024-01-18,2024-01-28,10.0,0
SS-012295-PV1,2024-02-17,2024-02-17,2024-03-02,2024-02-17,2024-02-26,9.0,1
SS-013568-PV1,2022-08-27,2022-08-27,2022-09-10,2022-08-31,2022-09-14,14.0,0
SS-012654-PV1,2022-07-09,2022-07-09,2022-07-23,2022-07-13,2022-07-15,2.0,1
SS-002243-PV1,2021-02-20,2021-02-20,2021-03-06,2021-02-22,2021-03-05,11.0,1
SS-016568-PV1,2021-03-06,2021-03-06,2021-03-20,2021-03-07,2021-04-21,45.0,0
SS-006311-PV1,2021-08-07,2021-08-07,2021-08-21,2021-08-13,2021-08-19,6.0,1
SS-003537-PV1,2023-04-29,2023-04-29,2023-05-13,2023-05-01,2023-05-02,1.0,1
SS-028266-PV1,2023-04-15,2023-04-15,2023-04-29,2023-04-17,2023-04-19,2.0,1
SS-024436-PV1,2024-04-13,2024-04-13,2024-04-27,2024-04-17,2024-04-19,2.0,1
SS-004261-PV1,2023-09-30,2023-09-30,2023-10-14,2023-10-01,2023-10-07,6.0,1
SS-024164-PV1,2022-08-06,2022-08-06,2022-08-20,2022-08-11,2022-08-15,4.0,1
SS-019048-PV1,2022-12-10,2022-12-10,2022-12-24,2022-12-14,2022-12-17,3.0,1
SS-027640-PV1,2025-04-19,2025-04-19,2025-05-03,2025-04-23,2025-04-26,3.0,1
SS-005895-PV1,2023-11-25,2023-11-25,2023-12-09,2023-11-28,2023-12-12,14.0,0
SS-004296-PV1,2023-03-11,2023-03-11,2023-03-25,2023-03-16,2023-03-16,0.0,1
SS-012396-PV1,2025-06-07,2025-06-07,2025-06-21,2025-06-12,2025-06-16,4.0,1
SS-024172-PV1,2022-03-19,2022-03-19,2022-04-02,2022-03-25,2022-03-29,4.0,1
SS-009848-PV1,2022-01-29,2022-01-29,2022-02-12,2022-01-29,2022-02-08,10.0,1
SS-003663-PV1,2025-05-31,2025-05-31,2025-06-14,2025-06-05,2025-06-06,1.0,1
SS-012396-PV1,2023-01-28,2023-01-28,2023-02-11,2023-02-01,2023-02-02,1.0,1
SS-004409-PV1,2024-07-27,2024-07-27,2024-08-10,2024-08-01,2024-08-08,7.0,1
SS-005895-PV1,2022-05-07,2022-05-07,2022-05-21,2022-05-07,2022-05-19,12.0,1
SS-024435-PV1,2023-12-30,2023-12-30,2024-01-13,2024-01-05,2024-01-09,4.0,1
SS-007050-PV1,2024-03-09,2024-03-09,2024-03-23,2024-03-12,2024-03-19,7.0,1
SS-028266-PV1,2024-04-27,2024-04-27,2024-05-11,2024-04-30,2024-05-01,1.0,1
SS-022955-PV1,2021-07-17,2021-07-17,2021-07-31,2021-07-22,2021-08-03,12.0,0
SS-012654-PV1,2023-01-14,2023-01-14,2023-01-28,2023-01-14,2023-01-28,14.0,0
SS-018051-PV1,2023-03-11,2023-03-11,2023-03-25,2023-03-16,2023-03-23,7.0,1
SS-006678-PV1,2023-06-10,2023-06-10,2023-06-24,2023-06-11,2023-06-15,4.0,1
SS-029615-PV1,2025-05-17,2025-05-17,2025-05-31,2025-05-18,2025-05-22,4.0,1
SS-017304-PV1,2024-05-11,2024-05-11,2024-05-25,2024-05-14,2024-05-18,4.0,1
SS-012650-PV1,2025-03-22,2025-03-22,2025-04-05,2025-03-26,2025-04-21,26.0,0
SS-007429-PV1,2024-10-12,2024-10-12,2024-10-26,2024-10-15,2024-10-17,2.0,1
SS-018370-PV1,2023-03-18,2023-03-18,2023-04-01,2023-03-22,2023-03-30,8.0,1
SS-006712-PV1,2021-09-18,2021-09-18,2021-10-02,2021-09-18,2021-09-21,3.0,1
SS-016333-PV1,2024-01-13,2024-01-13,2024-01-27,2024-01-19,2024-01-31,12.0,0
SS-030370-PV1,2022-10-15,2022-10-15,2022-10-29,2022-10-16,2023-01-24,100.0,0
SS-004260-PV1,2023-04-08,2023-04-08,2023-04-22,2023-04-11,2023-04-18,7.0,1
SS-008790-PV1,2022-05-14,2022-05-14,2022-05-28,2022-05-19,2023-01-19,245.0,0
SS-010344-PV1,2025-04-19,2025-04-19,2025-05-03,2025-04-22,2025-04-24,2.0,1
SS-027405-PV1,2024-04-20,2024-04-20,2024-05-04,2024-04-26,2024-04-30,4.0,1
SS-021088-PV1,2024-01-06,2024-01-06,2024-01-20,2024-01-07,2024-01-10,3.0,1
SS-009615-PV1,2024-02-10,2024-02-10,2024-02-24,2024-02-16,2024-02-28,12.0,0
SS-003664-PV1,2025-03-15,2025-03-15,2025-03-29,2025-03-20,2025-04-15,26.0,0
SS-005895-PV1,2023-02-04,2023-02-04,2023-02-18,2023-02-06,2023-02-08,2.0,1
SS-030370-PV1,2024-05-18,2024-05-18,2024-06-01,2024-05-18,2024-05-23,5.0,1
SS-010344-PV1,2024-10-19,2024-10-19,2024-11-02,2024-10-25,2024-10-31,6.0,1
SS-027571-PV1,2022-12-24,2022-12-24,2023-01-07,2022-12-30,2023-02-09,41.0,0
SS-003664-PV1,2024-04-27,2024-04-27,2024-05-11,2024-05-03,2024-05-20,17.0,0
SS-012654-PV1,2023-04-01,2023-04-01,2023-04-15,2023-04-07,2023-04-11,4.0,1
SS-027271-PV1,2022-05-21,2022-05-21,2022-06-04,2022-05-26,2022-06-07,12.0,0
SS-030341-PV1,2021-11-06,2021-11-06,2021-11-20,2021-11-09,2021-11-16,7.0,1
SS-023875-PV1,2022-01-29,2022-01-29,2022-02-12,2022-02-03,2022-03-01,26.0,0
SS-020725-PV1,2023-03-18,2023-03-18,2023-04-01,2023-03-22,2023-03-27,5.0,1
SS-003937-PV1,2024-04-06,2024-04-06,2024-04-20,2024-04-06,2024-04-09,3.0,1
SS-015019-PV1,2022-06-04,2022-06-04,2022-06-18,2022-06-08,2022-06-17,9.0,1
SS-024756-PV1,2023-03-18,2023-03-18,2023-04-01,2023-03-18,2023-03-20,2.0,1
SS-001071-PV1,2024-03-02,2024-03-02,2024-03-16,2024-03-06,2024-03-07,1.0,1
SS-022955-PV1,2023-03-11,2023-03-11,2023-03-25,2023-03-14,2023-04-26,43.0,0
SS-006712-PV1,2022-11-19,2022-11-19,2022-12-03,2022-11-21,2022-12-07,16.0,0
SS-026586-PV1,2021-02-06,2021-02-06,2021-02-20,2021-02-12,2022-04-29,441.0,0
SS-008891-PV1,2022-07-16,2022-07-16,2022-07-30,2022-07-17,2022-07-21,4.0,1
SS-025198-PV1,2022-06-25,2022-06-25,2022-07-09,2022-06-29,2022-07-05,6.0,1
SS-035596-PV1,2022-01-08,2022-01-08,2022-01-22,2022-01-10,2022-01-25,15.0,0
SS-028632-PV1,2022-03-12,2022-03-12,2022-03-26,2022-03-16,2022-04-11,26.0,0
SS-023625-PV1,2021-06-19,2021-06-19,2021-07-03,2021-06-25,2021-06-29,4.0,1
SS-024125-PV1,2021-08-14,2021-08-14,2021-08-28,2021-08-14,2021-08-23,9.0,1
SS-024125-PV1,2021-08-14,2021-08-14,2021-08-28,2021-08-14,2021-08-23,9.0,1
SS-025200-PV1,2024-01-27,2024-01-27,2024-02-10,2024-01-31,2024-02-29,29.0,0
SS-025853-PV1,2023-12-30,2023-12-30,2024-01-13,2024-01-02,2024-01-05,3.0,1
SS-025853-PV1,2023-10-28,2023-10-28,2023-11-11,2023-10-28,2023-10-31,3.0,1
SS-028266-PV1,2025-01-25,2025-01-25,2025-02-08,2025-01-26,2025-01-28,2.0,1
SS-019048-PV1,2023-03-18,2023-03-18,2023-04-01,2023-03-20,2023-03-24,4.0,1
SS-001197-PV1,2023-01-14,2023-01-14,2023-01-28,2023-01-20,2023-02-03,14.0,0
SS-029653-PV1,2025-01-11,2025-01-11,2025-01-25,2025-01-14,2025-01-16,2.0,1
SS-005895-PV1,2024-04-13,2024-04-13,2024-04-27,2024-04-16,2024-04-19,3.0,1
SS-026977-PV1,2021-12-11,2021-12-11,2021-12-25,2021-12-17,2021-12-21,4.0,1
SS-011153-PV1,2021-08-14,2021-08-14,2021-08-28,2021-08-14,2021-09-08,25.0,0
SS-008891-PV1,2024-04-27,2024-04-27,2024-05-11,2024-04-27,2024-05-01,4.0,1
SS-022955-PV1,2024-10-12,2024-10-12,2024-10-26,2024-10-15,2024-10-17,2.0,1
SS-025219-PV1,2022-11-19,2022-11-19,2022-12-03,2022-11-23,2022-12-15,22.0,0
SS-017079-PV1,2022-03-19,2022-03-19,2022-04-02,2022-03-21,2022-03-24,3.0,1
SS-022187-PV1,2024-02-03,2024-02-03,2024-02-17,2024-02-05,2024-02-16,11.0,1
SS-012105-PV1,2022-07-16,2022-07-16,2022-07-30,2022-07-19,2022-07-22,3.0,1
SS-030305-PV1,2024-01-27,2024-01-27,2024-02-10,2024-02-02,2024-02-13,11.0,0
SS-030305-PV1,2024-04-13,2024-04-13,2024-04-27,2024-04-13,2024-04-17,4.0,1
SS-022187-PV1,2025-03-22,2025-03-22,2025-04-05,2025-03-25,2025-05-14,50.0,0
SS-027477-PV1,2023-10-14,2023-10-14,2023-10-28,2023-10-19,2023-10-24,5.0,1
SS-002244-PV1,2023-03-04,2023-03-04,2023-03-18,2023-03-10,2023-04-10,31.0,0
SS-030342-PV1,2023-04-01,2023-04-01,2023-04-15,2023-04-06,2023-04-10,4.0,1
SS-025538-PV1,2024-02-10,2024-02-10,2024-02-24,2024-02-14,2024-02-27,13.0,0
SS-001889-PV1,2021-06-26,2021-06-26,2021-07-10,2021-06-29,2021-07-08,9.0,1
SS-011618-PV1,2022-04-02,2022-04-02,2022-04-16,2022-04-06,2022-04-07,1.0,1
SS-020725-PV1,2021-01-09,2021-01-09,2021-01-23,2021-01-14,2021-01-22,8.0,1
SS-008149-PV1,2025-05-03,2025-05-03,2025-05-17,2025-05-06,2025-05-09,3.0,1
SS-004259-PV1,2023-02-04,2023-02-04,2023-02-18,2023-02-07,2023-02-07,0.0,1
SS-004271-PV1,2023-10-07,2023-10-07,2023-10-21,2023-10-09,2023-10-10,1.0,1
SS-009178-PV1,2023-03-25,2023-03-25,2023-04-08,2023-03-27,2023-04-05,9.0,1
SS-019048-PV1,2024-01-06,2024-01-06,2024-01-20,2024-01-09,2024-01-18,9.0,1
SS-028632-PV1,2023-03-04,2023-03-04,2023-03-18,2023-03-09,2023-03-14,5.0,1
SS-028601-PV1,2025-02-22,2025-02-22,2025-03-08,2025-02-26,2025-04-19,52.0,0
SS-006278-PV1,2023-05-20,2023-05-20,2023-06-03,2023-05-26,2023-06-02,7.0,1
SS-029615-PV1,2022-02-12,2022-02-12,2022-02-26,2022-02-12,2022-04-19,66.0,0
SS-002243-PV1,2021-01-30,2021-01-30,2021-02-13,2021-02-04,2021-02-09,5.0,1
SS-028266-PV1,2024-03-30,2024-03-30,2024-04-13,2024-04-04,2024-04-09,5.0,1
SS-027674-PV1,2022-12-31,2022-12-31,2023-01-14,2023-01-03,2023-01-30,27.0,0
SS-019048-PV1,2023-04-08,2023-04-08,2023-04-22,2023-04-14,2023-04-26,12.0,0
SS-028224-PV1,2025-04-05,2025-04-05,2025-04-19,2025-04-09,2025-04-10,1.0,1
SS-030305-PV1,2024-11-02,2024-11-02,2024-11-16,2024-11-08,2024-11-13,5.0,1
SS-030340-PV1,2024-04-27,2024-04-27,2024-05-11,2024-05-02,2024-05-06,4.0,1
SS-003664-PV1,2023-07-15,2023-07-15,2023-07-29,2023-07-19,2023-07-25,6.0,1
SS-017852-PV1,2021-12-11,2021-12-11,2021-12-25,2021-12-13,2021-12-14,1.0,1
SS-016266-PV1,2023-12-16,2023-12-16,2023-12-30,2023-12-22,2023-12-27,5.0,1
SS-026586-PV1,2022-12-17,2022-12-17,2022-12-31,2022-12-20,2023-01-26,37.0,0
SS-023585-PV1,2025-03-22,2025-03-22,2025-04-05,2025-03-24,2025-04-30,37.0,0
SS-025852-PV1,2022-12-10,2022-12-10,2022-12-24,2022-12-13,2023-01-26,44.0,0
SS-027640-PV1,2023-09-09,2023-09-09,2023-09-23,2023-09-13,2023-09-20,7.0,1
SS-019540-PV1,2021-02-20,2021-02-20,2021-03-06,2021-02-21,2021-03-26,33.0,0
SS-003664-PV1,2021-05-15,2021-05-15,2021-05-29,2021-05-19,2021-06-22,34.0,0
SS-016746-PV1,2022-01-22,2022-01-22,2022-02-05,2022-01-28,2022-02-12,15.0,0
SS-024172-PV1,2021-08-28,2021-08-28,2021-09-11,2021-08-29,2021-09-13,15.0,0
SS-004270-PV1,2021-03-13,2021-03-13,2021-03-27,2021-03-16,2021-06-15,91.0,0
SS-016204-PV1,2021-12-25,2021-12-25,2022-01-08,2021-12-30,2022-01-21,22.0,0
SS-028360-PV1,2021-05-15,2021-05-15,2021-05-29,2021-05-15,2021-06-09,25.0,0
SS-001422-PV1,2023-04-29,2023-04-29,2023-05-13,2023-05-03,2023-05-04,1.0,1
SS-027941-PV1,2023-03-25,2023-03-25,2023-04-08,2023-03-30,2023-04-13,14.0,0
SS-019048-PV1,2022-12-31,2022-12-31,2023-01-14,2023-01-04,2023-01-31,27.0,0
SS-017852-PV1,2023-06-10,2023-06-10,2023-06-24,2023-06-15,2023-06-22,7.0,1
SS-028266-PV1,2025-01-25,2025-01-25,2025-02-08,2025-01-26,2025-01-28,2.0,1
SS-017325-PV1,2023-03-25,2023-03-25,2023-04-08,2023-03-28,2023-04-05,8.0,1
SS-019198-PV1,2024-02-10,2024-02-10,2024-02-24,2024-02-16,2024-02-21,5.0,1
SS-027741-PV1,2023-06-17,2023-06-17,2023-07-01,2023-06-22,2023-06-24,2.0,1
SS-024172-PV1,2023-11-25,2023-11-25,2023-12-09,2023-11-26,2023-12-12,16.0,0
SS-006750-PV1,2023-04-15,2023-04-15,2023-04-29,2023-04-15,2023-04-20,5.0,1
SS-001350-PV1,2021-05-22,2021-05-22,2021-06-05,2021-05-26,2021-06-15,20.0,0
SS-013568-PV1,2021-08-28,2021-08-28,2021-09-11,2021-08-29,2021-09-02,4.0,1
SS-001661-PV1,2021-08-28,2021-08-28,2021-09-11,2021-09-01,2021-09-20,19.0,0
SS-027600-PV1,2021-05-15,2021-05-15,2021-05-29,2021-05-16,2021-06-18,33.0,0
SS-023875-PV1,2024-09-14,2024-09-14,2024-09-28,2024-09-20,2024-09-25,5.0,1
SS-012512-PV1,2024-02-03,2024-02-03,2024-02-17,2024-02-07,2024-02-09,2.0,1
SS-017078-PV1,2024-02-10,2024-02-10,2024-02-24,2024-02-14,2024-02-15,1.0,1
SS-015433-PV1,2023-07-15,2023-07-15,2023-07-29,2023-07-20,2023-07-27,7.0,1
SS-005895-PV1,2022-09-17,2022-09-17,2022-10-01,2022-09-21,2022-09-26,5.0,1
SS-018034-PV1,2023-08-05,2023-08-05,2023-08-19,2023-08-10,2023-08-15,5.0,1
SS-001862-PV1,2022-12-17,2022-12-17,2022-12-31,2022-12-19,2023-02-03,46.0,0
SS-030340-PV1,2024-09-07,2024-09-07,2024-09-21,2024-09-13,2024-09-16,3.0,1
SS-022181-PV1,2023-01-28,2023-01-28,2023-02-11,2023-02-01,2023-02-03,2.0,1
SS-001350-PV1,2022-12-24,2022-12-24,2023-01-07,2022-12-26,2022-12-30,4.0,1
SS-011618-PV1,2023-11-11,2023-11-11,2023-11-25,2023-11-16,2023-11-27,11.0,0
SS-028958-PV1,2021-01-16,2021-01-16,2021-01-30,2021-01-18,2021-01-21,3.0,1
SS-005693-PV1,2022-02-19,2022-02-19,2022-03-05,2022-02-23,2022-03-08,13.0,0
SS-014240-PV1,2021-05-29,2021-05-29,2021-06-12,2021-06-04,2021-07-01,27.0,0
SS-019048-PV1,2022-03-19,2022-03-19,2022-04-02,2022-03-21,2022-03-24,3.0,1
SS-023194-PV1,2021-09-25,2021-09-25,2021-10-09,2021-09-29,2021-10-08,9.0,1
SS-012105-PV1,2021-05-15,2021-05-15,2021-05-29,2021-05-17,2021-05-27,10.0,1
SS-025525-PV1,2024-05-25,2024-05-25,2024-06-08,2024-05-31,2024-06-04,4.0,1
SS-007470-PV1,2023-03-04,2023-03-04,2023-03-18,2023-03-09,2023-03-24,15.0,0
SS-013806-PV1,2024-06-08,2024-06-08,2024-06-22,2024-06-08,2024-06-11,3.0,1
SS-002760-PV1,2022-07-02,2022-07-02,2022-07-16,2022-07-03,2022-07-08,5.0,1
SS-001861-PV1,2024-07-27,2024-07-27,2024-08-10,2024-08-01,2024-08-05,4.0,1
SS-019125-PV1,2024-04-20,2024-04-20,2024-05-04,2024-04-22,2024-04-24,2.0,1
SS-022204-PV1,2025-04-05,2025-04-05,2025-04-19,2025-04-09,2025-04-12,3.0,1
SS-019048-PV1,2023-01-28,2023-01-28,2023-02-11,2023-02-01,2023-02-03,2.0,1
SS-028266-PV1,2022-05-14,2022-05-14,2022-05-28,2022-05-15,2022-05-17,2.0,1
SS-016053-PV1,2024-06-01,2024-06-01,2024-06-15,2024-06-04,2024-06-07,3.0,1
SS-019278-PV1,2023-01-07,2023-01-07,2023-01-21,2023-01-13,2023-02-01,19.0,0
SS-006245-PV1,2025-03-29,2025-03-29,2025-04-12,2025-04-03,2025-04-22,19.0,0
SS-012396-PV1,2025-02-22,2025-02-22,2025-03-08,2025-02-23,2025-03-10,15.0,0
SS-007468-PV1,2022-11-05,2022-11-05,2022-11-19,2022-11-05,2022-11-08,3.0,1
SS-028266-PV1,2022-09-17,2022-09-17,2022-10-01,2022-09-19,2022-09-21,2.0,1
SS-030340-PV1,2022-04-09,2022-04-09,2022-04-23,2022-04-15,2022-04-20,5.0,1
SS-012152-PV1,2022-01-15,2022-01-15,2022-01-29,2022-01-20,2022-02-04,15.0,0
SS-029471-PV1,2024-02-24,2024-02-24,2024-03-09,2024-02-29,2024-03-01,1.0,1
SS-018766-PV1,2024-01-13,2024-01-13,2024-01-27,2024-01-15,2024-02-13,29.0,0
SS-024168-PV1,2023-12-16,2023-12-16,2023-12-30,2023-12-20,2023-12-28,8.0,1
SS-006311-PV1,2024-03-23,2024-03-23,2024-04-06,2024-03-29,2024-04-05,7.0,1
SS-012654-PV1,2025-04-12,2025-04-12,2025-04-26,2025-04-16,2025-04-19,3.0,1
SS-023983-PV1,2023-06-03,2023-06-03,2023-06-17,2023-06-05,2023-06-08,3.0,1
SS-012510-PV1,2023-03-18,2023-03-18,2023-04-01,2023-03-24,2023-04-05,12.0,0
SS-017852-PV1,2022-08-20,2022-08-20,2022-09-03,2022-08-24,2022-08-25,1.0,1
SS-017852-PV1,2023-07-08,2023-07-08,2023-07-22,2023-07-13,2023-07-19,6.0,1
SS-012961-PV1,2024-03-30,2024-03-30,2024-04-13,2024-04-01,2024-04-05,4.0,1
SS-022181-PV1,2025-02-08,2025-02-08,2025-02-22,2025-02-08,2025-02-24,16.0,0
SS-020832-PV1,2024-01-06,2024-01-06,2024-01-20,2024-01-11,2024-01-13,2.0,1
SS-024756-PV1,2022-01-29,2022-01-29,2022-02-12,2022-01-31,2022-02-17,17.0,0
SS-024435-PV1,2021-02-27,2021-02-27,2021-03-13,2021-03-04,2021-03-12,8.0,1
SS-027594-PV1,2022-01-29,2022-01-29,2022-02-12,2022-01-31,2022-02-08,8.0,1
SS-022975-PV1,2021-11-27,2021-11-27,2021-12-11,2021-12-01,2021-12-07,6.0,1
SS-027405-PV1,2024-12-07,2024-12-07,2024-12-21,2024-12-09,2024-12-11,2.0,1
SS-015811-PV1,2023-08-26,2023-08-26,2023-09-09,2023-08-30,2023-09-14,15.0,0
SS-012445-PV1,2022-05-14,2022-05-14,2022-05-28,2022-05-16,2022-05-18,2.0,1
SS-023194-PV1,2021-11-06,2021-11-06,2021-11-20,2021-11-06,2021-11-10,4.0,1
SS-004511-PV1,2021-09-11,2021-09-11,2021-09-25,2021-09-13,2021-09-21,8.0,1
SS-004511-PV1,2021-09-11,2021-09-11,2021-09-25,2021-09-13,2021-09-21,8.0,1
SS-015289-PV1,2022-01-22,2022-01-22,2022-02-05,2022-01-27,2022-02-12,16.0,0
SS-030237-PV1,2023-02-11,2023-02-11,2023-02-25,2023-02-13,2023-02-28,15.0,0
SS-012512-PV1,2022-05-21,2022-05-21,2022-06-04,2022-05-23,2022-05-25,2.0,1
SS-024172-PV1,2024-12-14,2024-12-14,2024-12-28,2024-12-15,2024-12-20,5.0,1
SS-012396-PV1,2024-10-26,2024-10-26,2024-11-09,2024-10-28,2024-10-31,3.0,1
SS-017550-PV1,2022-02-26,2022-02-26,2022-03-12,2022-03-04,2022-03-14,10.0,0
SS-029206-PV1,2022-01-29,2022-01-29,2022-02-12,2022-02-03,2022-02-12,9.0,0
SS-030125-PV1,2023-04-08,2023-04-08,2023-04-22,2023-04-09,2023-04-11,2.0,1
SS-030341-PV1,2024-08-24,2024-08-24,2024-09-07,2024-08-24,2024-08-27,3.0,1
SS-022107-PV1,2023-03-25,2023-03-25,2023-04-08,2023-03-29,2023-04-03,5.0,1
SS-017852-PV1,2024-02-24,2024-02-24,2024-03-09,2024-03-01,2024-03-04,3.0,1
SS-023194-PV1,2024-11-23,2024-11-23,2024-12-07,2024-11-25,2024-12-02,7.0,1
SS-008206-PV1,2025-04-05,2025-04-05,2025-04-19,2025-04-08,2025-04-19,11.0,0
SS-003664-PV1,2021-06-05,2021-06-05,2021-06-19,2021-06-07,2021-06-08,1.0,1
SS-008791-PV1,2021-10-09,2021-10-09,2021-10-23,2021-10-12,2021-10-13,1.0,1
SS-026586-PV1,2021-02-06,2021-02-06,2021-02-20,2021-02-12,2022-04-29,441.0,0
SS-024753-PV1,2024-09-14,2024-09-14,2024-09-28,2024-09-16,2024-09-18,2.0,1
SS-025332-PV1,2023-02-18,2023-02-18,2023-03-04,2023-02-19,2023-03-01,10.0,1
SS-010478-PV1,2025-01-25,2025-01-25,2025-02-08,2025-01-30,2025-02-01,2.0,1
SS-005895-PV1,2023-01-28,2023-01-28,2023-02-11,2023-02-01,2023-02-04,3.0,1
SS-012512-PV1,2024-12-21,2024-12-21,2025-01-04,2024-12-21,2024-12-30,9.0,1
SS-019048-PV1,2024-06-29,2024-06-29,2024-07-13,2024-07-01,2024-07-10,9.0,1
SS-018370-PV1,2025-04-19,2025-04-19,2025-05-03,2025-04-19,2025-04-26,7.0,1
SS-027271-PV1,2025-03-15,2025-03-15,2025-03-29,2025-03-15,2025-04-18,34.0,0
SS-023835-PV1,2022-04-16,2022-04-16,2022-04-30,2022-04-20,2022-04-29,9.0,1
SS-029615-PV1,2021-08-21,2021-08-21,2021-09-04,2021-08-26,2022-02-08,166.0,0
SS-025853-PV1,2024-09-14,2024-09-14,2024-09-28,2024-09-20,2024-09-25,5.0,1
SS-021296-PV1,2023-09-09,2023-09-09,2023-09-23,2023-09-11,2023-09-21,10.0,1
SS-001422-PV1,2023-03-25,2023-03-25,2023-04-08,2023-03-29,2023-04-10,12.0,0
SS-028266-PV1,2025-04-12,2025-04-12,2025-04-26,2025-04-12,2025-04-23,11.0,1
SS-006486-PV1,2024-10-05,2024-10-05,2024-10-19,2024-10-07,2024-10-09,2.0,1
SS-022956-PV1,2023-09-16,2023-09-16,2023-09-30,2023-09-20,2023-09-27,7.0,1
SS-022188-PV1,2023-02-04,2023-02-04,2023-02-18,2023-02-06,2023-02-09,3.0,1
SS-001887-PV1,2022-07-09,2022-07-09,2022-07-23,2022-07-13,2022-07-15,2.0,1
SS-016266-PV1,2024-09-14,2024-09-14,2024-09-28,2024-09-18,2024-09-23,5.0,1
SS-006750-PV1,2024-04-27,2024-04-27,2024-05-11,2024-04-27,2024-04-30,3.0,1
SS-002760-PV1,2023-11-25,2023-11-25,2023-12-09,2023-11-25,2023-11-27,2.0,1
SS-017852-PV1,2023-02-25,2023-02-25,2023-03-11,2023-02-28,2023-03-16,16.0,0
SS-016322-PV1,2023-03-04,2023-03-04,2023-03-18,2023-03-06,2023-03-27,21.0,0
SS-018370-PV1,2025-03-22,2025-03-22,2025-04-05,2025-03-22,2025-03-22,0.0,1
SS-029195-PV1,2023-01-21,2023-01-21,2023-02-04,2023-01-23,2023-01-30,7.0,1
SS-029604-PV1,2023-04-01,2023-04-01,2023-04-15,2023-04-02,2023-04-11,9.0,1
SS-017450-PV1,2023-04-29,2023-04-29,2023-05-13,2023-05-03,2023-05-08,5.0,1
SS-008698-PV1,2024-03-02,2024-03-02,2024-03-16,2024-03-03,2024-03-04,1.0,1
SS-016206-PV1,2024-07-06,2024-07-06,2024-07-20,2024-07-08,2024-07-11,3.0,1
SS-011141-PV1,2025-03-22,2025-03-22,2025-04-05,2025-03-25,2025-04-14,20.0,0
SS-003826-PV1,2024-06-01,2024-06-01,2024-06-15,2024-06-05,2024-06-07,2.0,1
SS-028601-PV1,2023-01-14,2023-01-14,2023-01-28,2023-01-20,2023-02-04,15.0,0
SS-023599-PV1,2024-03-02,2024-03-02,2024-03-16,2024-03-08,2024-03-12,4.0,1
SS-007931-PV1,2025-01-04,2025-01-04,2025-01-18,2025-01-10,2025-01-17,7.0,1
SS-019287-PV1,2023-11-11,2023-11-11,2023-11-25,2023-11-11,2023-11-14,3.0,1
SS-001861-PV1,2024-11-09,2024-11-09,2024-11-23,2024-11-10,2024-11-14,4.0,1
SS-006750-PV1,2023-01-28,2023-01-28,2023-02-11,2023-01-30,2023-02-03,4.0,1
SS-024125-PV1,2023-01-14,2023-01-14,2023-01-28,2023-01-14,2023-02-01,18.0,0
SS-018051-PV1,2024-03-02,2024-03-02,2024-03-16,2024-03-08,2024-03-12,4.0,1
SS-002760-PV1,2023-04-08,2023-04-08,2023-04-22,2023-04-08,2023-04-11,3.0,1
SS-011897-PV1,2025-02-15,2025-02-15,2025-03-01,2025-02-17,2025-03-04,15.0,0
SS-024164-PV1,2024-07-27,2024-07-27,2024-08-10,2024-07-28,2024-08-01,4.0,1
SS-012654-PV1,2023-03-11,2023-03-11,2023-03-25,2023-03-16,2023-03-25,9.0,0
SS-027600-PV1,2023-04-15,2023-04-15,2023-04-29,2023-04-20,2023-04-24,4.0,1
SS-015130-PV1,2023-01-14,2023-01-14,2023-01-28,2023-01-17,2023-02-03,17.0,0
SS-001862-PV1,2023-03-11,2023-03-11,2023-03-25,2023-03-17,2023-03-27,10.0,0
SS-001678-PV1,2023-03-18,2023-03-18,2023-04-01,2023-03-18,2023-04-10,23.0,0
SS-018370-PV1,2025-03-29,2025-03-29,2025-04-12,2025-04-04,2025-04-07,3.0,1
SS-030305-PV1,2024-10-19,2024-10-19,2024-11-02,2024-10-25,2024-10-30,5.0,1
SS-029206-PV1,2025-02-22,2025-02-22,2025-03-08,2025-02-24,2025-03-04,8.0,1
SS-016746-PV1,2023-11-25,2023-11-25,2023-12-09,2023-11-25,2023-12-04,9.0,1
SS-009536-PV1,2024-10-19,2024-10-19,2024-11-02,2024-10-20,2024-10-28,8.0,1
SS-025853-PV1,2024-01-13,2024-01-13,2024-01-27,2024-01-18,2024-01-31,13.0,0
SS-003537-PV1,2023-01-21,2023-01-21,2023-02-04,2023-01-23,2023-01-28,5.0,1
SS-016204-PV1,2022-08-13,2022-08-13,2022-08-27,2022-08-19,2022-08-23,4.0,1
SS-024172-PV1,2024-02-10,2024-02-10,2024-02-24,2024-02-10,2024-02-14,4.0,1
SS-011148-PV1,2024-05-18,2024-05-18,2024-06-01,2024-05-24,2024-06-03,10.0,0
SS-015286-PV1,2024-03-09,2024-03-09,2024-03-23,2024-03-12,2024-03-21,9.0,1
SS-026266-PV1,2024-05-04,2024-05-04,2024-05-18,2024-05-05,2024-05-13,8.0,1
SS-027640-PV1,2023-12-09,2023-12-09,2023-12-23,2023-12-12,2023-12-14,2.0,1
SS-027271-PV1,2024-11-02,2024-11-02,2024-11-16,2024-11-08,2024-11-13,5.0,1
SS-008858-PV1,2025-05-17,2025-05-17,2025-05-31,2025-05-23,2025-06-02,10.0,0
SS-023875-PV1,2025-05-10,2025-05-10,2025-05-24,2025-05-16,2025-06-02,17.0,0
SS-024435-PV1,2025-05-10,2025-05-10,2025-05-24,2025-05-16,2025-06-02,17.0,0
SS-019048-PV1,2025-05-17,2025-05-17,2025-05-31,2025-05-21,2025-06-02,12.0,0
SS-028616-PV1,2025-05-17,2025-05-17,2025-05-31,2025-05-17,2025-06-02,16.0,0
SS-020328-PV1,2023-07-22,2023-07-22,2023-08-05,2023-07-24,2023-08-22,29.0,0
SS-024753-PV1,2024-05-11,2024-05-11,2024-05-25,2024-05-17,2024-05-18,1.0,1
SS-007788-PV1,2024-02-24,2024-02-24,2024-03-09,2024-03-01,2024-03-05,4.0,1
SS-019048-PV1,2024-02-03,2024-02-03,2024-02-17,2024-02-07,2024-02-08,1.0,1
SS-009178-PV1,2025-04-12,2025-04-12,2025-04-26,2025-04-14,2025-04-14,0.0,1
SS-019658-PV1,2024-04-13,2024-04-13,2024-04-27,2024-04-17,2024-04-18,1.0,1
SS-025013-PV1,2023-12-23,2023-12-23,2024-01-06,2023-12-26,2024-01-06,11.0,0
SS-018981-PV1,2024-08-17,2024-08-17,2024-08-31,2024-08-22,2024-08-27,5.0,1
SS-004261-PV1,2024-05-18,2024-05-18,2024-06-01,2024-05-22,2024-05-24,2.0,1
SS-026587-PV1,2023-05-13,2023-05-13,2023-05-27,2023-05-17,2023-05-23,6.0,1
SS-012650-PV1,2024-02-24,2024-02-24,2024-03-09,2024-02-28,2024-02-29,1.0,1
SS-006750-PV1,2025-03-22,2025-03-22,2025-04-05,2025-03-22,2025-04-14,23.0,0
SS-027595-PV1,2023-11-11,2023-11-11,2023-11-25,2023-11-11,2023-11-13,2.0,1
SS-001785-PV1,2023-06-03,2023-06-03,2023-06-17,2023-06-06,2023-06-08,2.0,1
SS-002243-PV1,2022-10-15,2022-10-15,2022-10-29,2022-10-15,2022-10-28,13.0,1
SS-020538-PV1,2024-07-06,2024-07-06,2024-07-20,2024-07-07,2024-07-10,3.0,1
SS-016745-PV1,2025-05-10,2025-05-10,2025-05-24,2025-05-12,2025-05-14,2.0,1
SS-002760-PV1,2023-02-11,2023-02-11,2023-02-25,2023-02-13,2023-02-28,15.0,0
SS-018370-PV1,2023-03-04,2023-03-04,2023-03-18,2023-03-08,2023-03-09,1.0,1
SS-004273-PV1,2022-11-12,2022-11-12,2022-11-26,2022-11-12,2022-11-17,5.0,1
SS-027600-PV1,2024-07-27,2024-07-27,2024-08-10,2024-08-02,2024-08-06,4.0,1
SS-024435-PV1,2023-01-14,2023-01-14,2023-01-28,2023-01-20,2023-02-03,14.0,0
SS-011153-PV1,2023-11-11,2023-11-11,2023-11-25,2023-11-12,2023-11-14,2.0,1
SS-003827-PV1,2022-10-29,2022-10-29,2022-11-12,2022-11-03,2022-11-04,1.0,1
SS-027741-PV1,2023-03-25,2023-03-25,2023-04-08,2023-03-27,2023-03-28,1.0,1
SS-024435-PV1,2024-07-13,2024-07-13,2024-07-27,2024-07-16,2024-07-29,13.0,0
SS-027001-PV1,2023-01-21,2023-01-21,2023-02-04,2023-01-25,2023-02-02,8.0,1
SS-029615-PV1,2023-04-22,2023-04-22,2023-05-06,2023-04-23,2023-04-24,1.0,1
SS-025853-PV1,2024-10-19,2024-10-19,2024-11-02,2024-10-22,2024-10-31,9.0,1
SS-023625-PV1,2022-08-20,2022-08-20,2022-09-03,2022-08-24,2022-08-29,5.0,1
SS-010344-PV1,2025-04-19,2025-04-19,2025-05-03,2025-04-22,2025-04-24,2.0,1
SS-026586-PV1,2023-03-18,2023-03-18,2023-04-01,2023-03-19,2023-03-28,9.0,1
SS-007587-PV1,2025-02-01,2025-02-01,2025-02-15,2025-02-06,2025-03-04,26.0,0
SS-029471-PV1,2022-09-24,2022-09-24,2022-10-08,2022-09-26,2022-10-05,9.0,1
SS-020538-PV1,2024-04-27,2024-04-27,2024-05-11,2024-05-02,2024-05-06,4.0,1
SS-007931-PV1,2022-06-11,2022-06-11,2022-06-25,2022-06-15,2022-06-23,8.0,1
SS-030340-PV1,2024-01-20,2024-01-20,2024-02-03,2024-01-24,2024-01-28,4.0,1
SS-009178-PV1,2025-10-18,2025-10-18,2025-11-01,2025-10-20,2025-10-22,2.0,1
SS-003664-PV1,2025-11-15,2025-11-15,2025-11-29,2025-11-18,2025-11-19,1.0,1
SS-012650-PV1,2025-11-08,2025-11-08,2025-11-22,2025-11-14,2025-11-19,5.0,1
SS-022484-PV1,2025-10-18,2025-10-18,2025-11-01,2025-10-23,2025-10-24,1.0,1
SS-020874-PV1,2025-10-18,2025-10-18,2025-11-01,2025-10-20,2025-10-23,3.0,1
SS-019048-PV1,2025-10-18,2025-10-18,2025-11-01,2025-10-19,2025-10-20,1.0,1
SS-019048-PV1,2025-10-18,2025-10-18,2025-11-01,2025-10-19,2025-10-20,1.0,1
SS-011153-PV1,2022-01-22,2022-01-22,2022-02-05,2022-01-28,2022-02-15,18.0,0
SS-019048-PV1,2025-10-25,2025-10-25,2025-11-08,2025-10-30,2025-10-31,1.0,1
SS-015805-PV1,2025-11-15,2025-11-15,2025-11-29,2025-11-18,2025-11-21,3.0,1
SS-001862-PV1,2025-10-11,2025-10-11,2025-10-25,2025-10-14,2025-10-15,1.0,1
SS-019048-PV1,2025-03-01,2025-03-01,2025-03-15,2025-03-04,2025-04-07,34.0,0
SS-028977-PV1,2024-06-22,2024-06-22,2024-07-06,2024-06-24,2024-06-27,3.0,1
SS-006690-PV1,2023-06-24,2023-06-24,2023-07-08,2023-06-26,2023-08-09,44.0,0
SS-024172-PV1,2024-09-07,2024-09-07,2024-09-21,2024-09-13,2024-09-20,7.0,1
SS-023625-PV1,2022-09-24,2022-09-24,2022-10-08,2022-09-29,2022-10-03,4.0,1
SS-012512-PV1,2021-05-15,2021-05-15,2021-05-29,2021-05-21,2021-07-08,48.0,0
SS-007429-PV1,2025-03-08,2025-03-08,2025-03-22,2025-03-14,2025-04-07,24.0,0
SS-029206-PV1,2023-01-21,2023-01-21,2023-02-04,2023-01-27,2023-02-21,25.0,0
SS-010344-PV1,2025-04-19,2025-04-19,2025-05-03,2025-04-22,2025-04-24,2.0,1
SS-015811-PV1,2025-05-03,2025-05-03,2025-05-17,2025-05-06,2025-05-08,2.0,1
SS-003537-PV1,2023-04-22,2023-04-22,2023-05-06,2023-04-24,2023-04-26,2.0,1
SS-028403-PV1,2025-05-03,2025-05-03,2025-05-17,2025-05-03,2025-05-09,6.0,1
SS-027942-PV1,2022-07-09,2022-07-09,2022-07-23,2022-07-13,2022-07-15,2.0,1
SS-026999-PV1,2021-09-25,2021-09-25,2021-10-09,2021-09-25,2021-09-29,4.0,1
SS-007372-PV1,2021-10-23,2021-10-23,2021-11-06,2021-10-27,2021-10-28,1.0,1
SS-030344-PV1,2022-03-05,2022-03-05,2022-03-19,2022-03-08,2022-03-21,13.0,0
SS-003039-PV1,2021-06-12,2021-06-12,2021-06-26,2021-06-17,2021-06-25,8.0,1
SS-026587-PV1,2021-04-03,2021-04-03,2021-04-17,2021-04-03,2021-07-09,97.0,0
SS-012105-PV1,2021-09-04,2021-09-04,2021-09-18,2021-09-04,2021-09-15,11.0,1
SS-003664-PV1,2021-01-30,2021-01-30,2021-02-13,2021-02-04,2021-02-18,14.0,0
SS-027672-PV1,2023-10-07,2023-10-07,2023-10-21,2023-10-08,2023-10-11,3.0,1
SS-016305-PV1,2023-04-15,2023-04-15,2023-04-29,2023-04-20,2023-04-22,2.0,1
SS-005961-PV1,2023-08-12,2023-08-12,2023-08-26,2023-08-17,2023-08-24,7.0,1
SS-028360-PV1,2024-02-24,2024-02-24,2024-03-09,2024-02-26,2024-02-27,1.0,1
SS-030344-PV1,2022-12-10,2022-12-10,2022-12-24,2022-12-14,2023-01-31,48.0,0
SS-019287-PV1,2021-01-16,2021-01-16,2021-01-30,2021-01-18,2021-02-01,14.0,0
SS-019658-PV1,2022-01-22,2022-01-22,2022-02-05,2022-01-23,2022-02-01,9.0,1
SS-003937-PV1,2021-11-06,2021-11-06,2021-11-20,2021-11-12,2021-11-18,6.0,1
SS-015289-PV1,2022-01-15,2022-01-15,2022-01-29,2022-01-19,2022-01-26,7.0,1
SS-027942-PV1,2022-09-03,2022-09-03,2022-09-17,2022-09-03,2022-09-08,5.0,1
SS-024753-PV1,2022-08-06,2022-08-06,2022-08-20,2022-08-09,2022-08-11,2.0,1
SS-015289-PV1,2025-03-01,2025-03-01,2025-03-15,2025-03-03,2025-03-12,9.0,1
SS-024755-PV1,2023-03-18,2023-03-18,2023-04-01,2023-03-18,2023-04-04,17.0,0
SS-013479-PV1,2024-07-20,2024-07-20,2024-08-03,2024-07-26,2024-08-02,7.0,1
SS-003036-PV1,2023-03-04,2023-03-04,2023-03-18,2023-03-06,2023-04-26,51.0,0
SS-025853-PV1,2022-11-19,2022-11-19,2022-12-03,2022-11-23,2022-12-22,29.0,0
SS-009641-PV1,2023-09-23,2023-09-23,2023-10-07,2023-09-29,2023-10-04,5.0,1
SS-022960-PV1,2022-05-21,2022-05-21,2022-06-04,2022-05-27,2022-06-02,6.0,1
SS-001350-PV1,2023-09-30,2023-09-30,2023-10-14,2023-10-03,2023-10-09,6.0,1
SS-024304-PV1,2022-09-10,2022-09-10,2022-09-24,2022-09-16,2022-09-21,5.0,1
SS-026979-PV1,2025-01-18,2025-01-18,2025-02-01,2025-01-24,2025-01-28,4.0,1
SS-004511-PV1,2023-11-11,2023-11-11,2023-11-25,2023-11-16,2023-11-20,4.0,1
SS-023194-PV1,2023-04-01,2023-04-01,2023-04-15,2023-04-04,2023-04-13,9.0,1
SS-007372-PV1,2022-11-19,2022-11-19,2022-12-03,2022-11-21,2022-12-21,30.0,0
SS-020033-PV1,2021-07-03,2021-07-03,2021-07-17,2021-07-08,2021-07-20,12.0,0
SS-024304-PV1,2024-10-19,2024-10-19,2024-11-02,2024-10-24,2024-10-28,4.0,1
SS-018986-PV1,2025-01-25,2025-01-25,2025-02-08,2025-01-29,2025-02-01,3.0,1
SS-023625-PV1,2025-03-01,2025-03-01,2025-03-15,2025-03-05,2025-04-14,40.0,0
SS-019237-PV1,2025-03-08,2025-03-08,2025-03-22,2025-03-14,2025-04-07,24.0,0
SS-012105-PV1,2021-06-05,2021-06-05,2021-06-19,2021-06-09,2021-07-09,30.0,0
SS-024756-PV1,2022-02-12,2022-02-12,2022-02-26,2022-02-18,2022-03-01,11.0,0
SS-018029-PV1,2021-09-25,2021-09-25,2021-10-09,2021-10-01,2021-10-05,4.0,1
SS-012650-PV1,2022-01-01,2022-01-01,2022-01-15,2022-01-03,2022-01-14,11.0,1
SS-008149-PV1,2022-01-08,2022-01-08,2022-01-22,2022-01-10,2022-01-14,4.0,1
SS-004511-PV1,2024-03-23,2024-03-23,2024-04-06,2024-03-29,2024-04-08,10.0,0
SS-013568-PV1,2023-03-11,2023-03-11,2023-03-25,2023-03-16,2023-04-20,35.0,0
SS-001683-PV1,2024-02-17,2024-02-17,2024-03-02,2024-02-23,2024-02-26,3.0,1
SS-029206-PV1,2022-09-03,2022-09-03,2022-09-17,2022-09-05,2022-10-05,30.0,0
SS-028360-PV1,2023-04-08,2023-04-08,2023-04-22,2023-04-10,2023-04-12,2.0,1
SS-016205-PV1,2022-07-16,2022-07-16,2022-07-30,2022-07-18,2022-07-20,2.0,1
SS-023625-PV1,2025-03-22,2025-03-22,2025-04-05,2025-03-28,2025-04-14,17.0,0
SS-010858-PV1,2023-01-21,2023-01-21,2023-02-04,2023-01-21,2023-01-28,7.0,1
SS-025013-PV1,2025-05-10,2025-05-10,2025-05-24,2025-05-11,2025-05-17,6.0,1
SS-024172-PV1,2024-01-13,2024-01-13,2024-01-27,2024-01-19,2024-01-31,12.0,0
SS-012396-PV1,2024-01-20,2024-01-20,2024-02-03,2024-01-24,2024-01-25,1.0,1
SS-012962-PV1,2024-11-09,2024-11-09,2024-11-23,2024-11-11,2024-11-14,3.0,1
SS-021062-PV1,2021-01-30,2021-01-30,2021-02-13,2021-02-02,2021-02-19,17.0,0
SS-003276-PV1,2021-07-03,2021-07-03,2021-07-17,2021-07-03,2021-07-14,11.0,1
SS-019048-PV1,2024-02-03,2024-02-03,2024-02-17,2024-02-06,2024-02-15,9.0,1
SS-012654-PV1,2023-02-04,2023-02-04,2023-02-18,2023-02-08,2023-02-10,2.0,1
SS-025852-PV1,2024-04-06,2024-04-06,2024-04-20,2024-04-12,2024-04-19,7.0,1
SS-012654-PV1,2023-12-30,2023-12-30,2024-01-13,2024-01-05,2024-01-22,17.0,0
SS-011276-PV1,2024-06-22,2024-06-22,2024-07-06,2024-06-22,2024-06-27,5.0,1
SS-029615-PV1,2022-07-16,2022-07-16,2022-07-30,2022-07-19,2022-08-08,20.0,0
SS-014903-PV1,2022-07-23,2022-07-23,2022-08-06,2022-07-24,2022-07-27,3.0,1
SS-022187-PV1,2023-01-07,2023-01-07,2023-01-21,2023-01-07,2023-01-31,24.0,0
SS-012654-PV1,2024-03-16,2024-03-16,2024-03-30,2024-03-16,2024-04-03,18.0,0
SS-010277-PV1,2024-02-03,2024-02-03,2024-02-17,2024-02-08,2024-02-12,4.0,1
SS-017852-PV1,2022-10-22,2022-10-22,2022-11-05,2022-10-26,2022-10-31,5.0,1
SS-025526-PV1,2024-03-16,2024-03-16,2024-03-30,2024-03-18,2024-03-25,7.0,1
SS-001887-PV1,2021-04-03,2021-04-03,2021-04-17,2021-04-05,2021-07-16,102.0,0
SS-016052-PV1,2025-05-24,2025-05-24,2025-06-07,2025-05-26,2025-05-29,3.0,1
SS-009170-PV1,2025-05-10,2025-05-10,2025-05-24,2025-05-11,2025-05-15,4.0,1
SS-020328-PV1,2022-11-19,2022-11-19,2022-12-03,2022-11-19,2022-11-23,4.0,1
SS-016204-PV1,2022-06-04,2022-06-04,2022-06-18,2022-06-04,2022-06-07,3.0,1
SS-028266-PV1,2025-01-25,2025-01-25,2025-02-08,2025-01-26,2025-01-28,2.0,1
SS-003166-PV1,2025-03-08,2025-03-08,2025-03-22,2025-03-13,2025-03-24,11.0,0
SS-025218-PV1,2022-12-10,2022-12-10,2022-12-24,2022-12-13,2023-01-30,48.0,0
SS-006750-PV1,2021-09-18,2021-09-18,2021-10-02,2021-09-20,2021-09-27,7.0,1
SS-026587-PV1,2022-08-27,2022-08-27,2022-09-10,2022-08-31,2022-09-09,9.0,1
SS-022188-PV1,2023-02-25,2023-02-25,2023-03-11,2023-03-02,2023-04-29,58.0,0
SS-007811-PV1,2022-05-14,2022-05-14,2022-05-28,2022-05-15,2022-05-18,3.0,1
SS-003166-PV1,2024-02-03,2024-02-03,2024-02-17,2024-02-05,2024-02-14,9.0,1
SS-002243-PV1,2022-12-03,2022-12-03,2022-12-17,2022-12-03,2022-12-15,12.0,1
SS-020328-PV1,2023-05-27,2023-05-27,2023-06-10,2023-06-02,2023-06-06,4.0,1
SS-027271-PV1,2025-02-22,2025-02-22,2025-03-08,2025-02-24,2025-04-18,53.0,0
SS-027600-PV1,2024-06-08,2024-06-08,2024-06-22,2024-06-08,2024-06-15,7.0,1
SS-030341-PV1,2024-02-24,2024-02-24,2024-03-09,2024-02-29,2024-03-01,1.0,1
SS-016052-PV1,2022-07-23,2022-07-23,2022-08-06,2022-07-27,2022-07-29,2.0,1
SS-023584-PV1,2023-01-21,2023-01-21,2023-02-04,2023-01-25,2023-02-02,8.0,1
SS-008641-PV1,2021-02-06,2021-02-06,2021-02-20,2021-02-07,2021-02-26,19.0,0
SS-012610-PV1,2021-11-27,2021-11-27,2021-12-11,2021-11-30,2021-12-01,1.0,1
SS-003664-PV1,2021-05-15,2021-05-15,2021-05-29,2021-05-19,2021-06-22,34.0,0
SS-029206-PV1,2023-01-14,2023-01-14,2023-01-28,2023-01-20,2023-02-01,12.0,0
SS-003664-PV1,2024-01-06,2024-01-06,2024-01-20,2024-01-06,2024-01-09,3.0,1
SS-030340-PV1,2023-09-30,2023-09-30,2023-10-14,2023-10-03,2023-10-09,6.0,1
SS-005895-PV1,2024-03-23,2024-03-23,2024-04-06,2024-03-24,2024-04-02,9.0,1
SS-012654-PV1,2023-03-25,2023-03-25,2023-04-08,2023-03-28,2023-04-03,6.0,1
SS-005962-PV1,2023-08-05,2023-08-05,2023-08-19,2023-08-09,2023-08-15,6.0,1
SS-028232-PV1,2023-02-18,2023-02-18,2023-03-04,2023-02-23,2023-02-24,1.0,1
SS-021062-PV1,2021-06-05,2021-06-05,2021-06-19,2021-06-06,2021-06-14,8.0,1
SS-022883-PV1,2021-04-24,2021-04-24,2021-05-08,2021-04-24,2021-04-27,3.0,1
SS-009641-PV1,2021-05-22,2021-05-22,2021-06-05,2021-05-28,2021-07-09,42.0,0
SS-007470-PV1,2022-01-22,2022-01-22,2022-02-05,2022-01-28,2022-02-14,17.0,0
SS-019198-PV1,2025-03-15,2025-03-15,2025-03-29,2025-03-15,2025-04-07,23.0,0
SS-005961-PV1,2023-03-25,2023-03-25,2023-04-08,2023-03-27,2023-03-30,3.0,1
SS-019658-PV1,2023-06-17,2023-06-17,2023-07-01,2023-06-21,2023-10-18,119.0,0
SS-008315-PV1,2022-04-23,2022-04-23,2022-05-07,2022-04-24,2022-04-27,3.0,1
SS-018370-PV1,2023-04-01,2023-04-01,2023-04-15,2023-04-05,2023-04-12,7.0,1
SS-030340-PV1,2023-09-23,2023-09-23,2023-10-07,2023-09-28,2023-10-03,5.0,1
SS-020832-PV1,2023-08-05,2023-08-05,2023-08-19,2023-08-07,2023-10-03,57.0,0
SS-001887-PV1,2022-06-25,2022-06-25,2022-07-09,2022-06-28,2022-07-06,8.0,1
SS-025526-PV1,2023-10-14,2023-10-14,2023-10-28,2023-10-18,2023-10-25,7.0,1
SS-015806-PV1,2023-05-06,2023-05-06,2023-05-20,2023-05-12,2023-05-12,0.0,1
SS-019048-PV1,2024-01-13,2024-01-13,2024-01-27,2024-01-19,2024-01-28,9.0,0
SS-019125-PV1,2023-12-30,2023-12-30,2024-01-13,2024-01-03,2024-01-13,10.0,0
SS-012512-PV1,2025-02-08,2025-02-08,2025-02-22,2025-02-13,2025-03-04,19.0,0
SS-015331-PV1,2021-06-12,2021-06-12,2021-06-26,2021-06-14,2021-06-17,3.0,1
SS-007372-PV1,2021-09-11,2021-09-11,2021-09-25,2021-09-17,2021-09-21,4.0,1
SS-025538-PV1,2024-11-02,2024-11-02,2024-11-16,2024-11-05,2024-11-08,3.0,1
SS-015811-PV1,2024-11-09,2024-11-09,2024-11-23,2024-11-09,2024-11-14,5.0,1
SS-022378-PV1,2022-11-05,2022-11-05,2022-11-19,2022-11-11,2022-11-17,6.0,1
SS-024172-PV1,2024-11-02,2024-11-02,2024-11-16,2024-11-08,2024-11-13,5.0,1
SS-015812-PV1,2024-08-10,2024-08-10,2024-08-24,2024-08-14,2024-08-20,6.0,1
SS-017343-PV1,2022-08-13,2022-08-13,2022-08-27,2022-08-19,2022-08-24,5.0,1
SS-028024-PV1,2023-04-22,2023-04-22,2023-05-06,2023-04-23,2023-04-25,2.0,1
SS-018370-PV1,2021-05-01,2021-05-01,2021-05-15,2021-05-04,2021-06-11,38.0,0
SS-029615-PV1,2021-12-18,2021-12-18,2022-01-01,2021-12-23,2021-12-29,6.0,1
SS-010277-PV1,2022-01-22,2022-01-22,2022-02-05,2022-01-22,2022-01-31,9.0,1
SS-027942-PV1,2022-07-02,2022-07-02,2022-07-16,2022-07-06,2022-07-08,2.0,1
SS-004271-PV1,2024-04-20,2024-04-20,2024-05-04,2024-04-21,2024-04-23,2.0,1
SS-016333-PV1,2024-01-13,2024-01-13,2024-01-27,2024-01-19,2024-02-01,13.0,0
SS-024166-PV1,2023-01-21,2023-01-21,2023-02-04,2023-01-24,2023-01-25,1.0,1
SS-007370-PV1,2024-10-26,2024-10-26,2024-11-09,2024-11-01,2024-11-12,11.0,0
SS-005478-PV1,2024-07-06,2024-07-06,2024-07-20,2024-07-11,2024-07-22,11.0,0
SS-025852-PV1,2021-12-25,2021-12-25,2022-01-08,2021-12-26,2021-12-29,3.0,1
SS-005895-PV1,2022-03-05,2022-03-05,2022-03-19,2022-03-08,2022-03-18,10.0,1
SS-016403-PV1,2021-02-13,2021-02-13,2021-02-27,2021-02-19,2021-03-23,32.0,0
SS-012396-PV1,2024-12-07,2024-12-07,2024-12-21,2024-12-12,2024-12-16,4.0,1
SS-015785-PV1,2022-10-01,2022-10-01,2022-10-15,2022-10-03,2022-10-06,3.0,1
SS-001422-PV1,2023-03-04,2023-03-04,2023-03-18,2023-03-04,2023-03-09,5.0,1
SS-002557-PV1,2024-03-02,2024-03-02,2024-03-16,2024-03-05,2024-03-08,3.0,1
SS-018029-PV1,2025-04-26,2025-04-26,2025-05-10,2025-05-01,2025-05-13,12.0,0
SS-005963-PV1,2021-04-17,2021-04-17,2021-05-01,2021-04-21,2021-05-19,28.0,0
SS-017449-PV1,2021-01-09,2021-01-09,2021-01-23,2021-01-14,2021-02-03,20.0,0
SS-015806-PV1,2022-02-19,2022-02-19,2022-03-05,2022-02-25,2022-03-08,11.0,0
SS-019048-PV1,2022-01-15,2022-01-15,2022-01-29,2022-01-17,2022-01-24,7.0,1
SS-004273-PV1,2024-02-24,2024-02-24,2024-03-09,2024-02-29,2024-03-01,1.0,1
SS-008148-PV1,2023-01-14,2023-01-14,2023-01-28,2023-01-16,2023-01-25,9.0,1
SS-003537-PV1,2023-03-04,2023-03-04,2023-03-18,2023-03-10,2023-04-05,26.0,0
SS-030327-PV1,2024-02-10,2024-02-10,2024-02-24,2024-02-14,2024-02-15,1.0,1
SS-027640-PV1,2023-10-28,2023-10-28,2023-11-11,2023-11-03,2023-11-04,1.0,1
SS-012509-PV1,2024-03-02,2024-03-02,2024-03-16,2024-03-06,2024-03-08,2.0,1
SS-011618-PV1,2025-04-26,2025-04-26,2025-05-10,2025-04-27,2025-04-29,2.0,1
SS-018051-PV1,2021-01-09,2021-01-09,2021-01-23,2021-01-13,2021-02-01,19.0,0
SS-015811-PV1,2025-05-03,2025-05-03,2025-05-17,2025-05-06,2025-05-09,3.0,1
SS-001197-PV1,2023-10-14,2023-10-14,2023-10-28,2023-10-14,2023-10-17,3.0,1
SS-028266-PV1,2024-03-30,2024-03-30,2024-04-13,2024-04-03,2024-04-05,2.0,1
SS-012578-PV1,2025-04-26,2025-04-26,2025-05-10,2025-05-01,2025-05-03,2.0,1
SS-028266-PV1,2024-09-07,2024-09-07,2024-09-21,2024-09-11,2024-09-13,2.0,1
SS-012396-PV1,2024-10-26,2024-10-26,2024-11-09,2024-10-29,2024-10-29,0.0,1
SS-004050-PV1,2023-10-21,2023-10-21,2023-11-04,2023-10-26,2023-10-28,2.0,1
SS-015287-PV1,2024-08-17,2024-08-17,2024-08-31,2024-08-22,2024-08-27,5.0,1
SS-016746-PV1,2024-11-30,2024-11-30,2024-12-14,2024-12-04,2024-12-09,5.0,1
SS-004296-PV1,2023-08-19,2023-08-19,2023-09-02,2023-08-22,2023-08-24,2.0,1
SS-028232-PV1,2021-02-06,2021-02-06,2021-02-20,2021-02-09,2021-03-02,21.0,0
SS-008149-PV1,2024-03-23,2024-03-23,2024-04-06,2024-03-25,2024-03-27,2.0,1
SS-010478-PV1,2023-09-09,2023-09-09,2023-09-23,2023-09-11,2023-09-14,3.0,1
SS-015811-PV1,2023-04-22,2023-04-22,2023-05-06,2023-04-27,2023-04-28,1.0,1
SS-020832-PV1,2025-03-22,2025-03-22,2025-04-05,2025-03-22,2025-04-25,34.0,0
SS-029615-PV1,2023-02-18,2023-02-18,2023-03-04,2023-02-24,2023-02-28,4.0,1
SS-017395-PV1,2024-10-26,2024-10-26,2024-11-09,2024-10-27,2024-10-31,4.0,1
SS-017550-PV1,2023-07-08,2023-07-08,2023-07-22,2023-07-13,2023-07-18,5.0,1
SS-021281-PV1,2023-01-28,2023-01-28,2023-02-11,2023-01-30,2023-02-07,8.0,1
SS-005895-PV1,2022-04-09,2022-04-09,2022-04-23,2022-04-11,2022-04-18,7.0,1
SS-009178-PV1,2021-06-12,2021-06-12,2021-06-26,2021-06-18,2021-07-07,19.0,0
SS-023834-PV1,2022-01-22,2022-01-22,2022-02-05,2022-01-27,2022-02-18,22.0,0
SS-019048-PV1,2025-03-22,2025-03-22,2025-04-05,2025-03-26,2025-04-16,21.0,0
SS-018370-PV1,2023-01-21,2023-01-21,2023-02-04,2023-01-21,2023-01-28,7.0,1
SS-028228-PV1,2024-09-21,2024-09-21,2024-10-05,2024-09-23,2024-09-25,2.0,1
SS-008891-PV1,2024-05-25,2024-05-25,2024-06-08,2024-05-26,2024-05-28,2.0,1
SS-012654-PV1,2025-04-19,2025-04-19,2025-05-03,2025-04-22,2025-04-25,3.0,1
SS-030341-PV1,2025-03-15,2025-03-15,2025-03-29,2025-03-15,2025-04-07,23.0,0
SS-015811-PV1,2025-05-03,2025-05-03,2025-05-17,2025-05-06,2025-05-09,3.0,1
SS-010344-PV1,2023-05-20,2023-05-20,2023-06-03,2023-05-25,2023-06-06,12.0,0
SS-024085-PV1,2025-01-11,2025-01-11,2025-01-25,2025-01-14,2025-01-21,7.0,1
SS-030342-PV1,2023-06-03,2023-06-03,2023-06-17,2023-06-06,2023-06-08,2.0,1
SS-017395-PV1,2023-02-18,2023-02-18,2023-03-04,2023-02-23,2023-04-10,46.0,0
SS-032178-PV1,2024-04-13,2024-04-13,2024-04-27,2024-04-13,2024-04-13,0.0,1
SS-009172-PV1,2023-03-18,2023-03-18,2023-04-01,2023-03-23,2023-03-24,1.0,1
SS-029471-PV1,2021-01-30,2021-01-30,2021-02-13,2021-02-03,2021-02-24,21.0,0
SS-020832-PV1,2021-07-24,2021-07-24,2021-08-07,2021-07-25,2021-08-04,10.0,1
SS-025198-PV1,2021-08-07,2021-08-07,2021-08-21,2021-08-09,2021-08-12,3.0,1
SS-012512-PV1,2024-05-18,2024-05-18,2024-06-01,2024-05-22,2024-05-28,6.0,1
SS-019048-PV1,2024-08-17,2024-08-17,2024-08-31,2024-08-20,2024-08-23,3.0,1
SS-022182-PV1,2023-12-23,2023-12-23,2024-01-06,2023-12-23,2024-01-02,10.0,1
SS-018370-PV1,2023-02-25,2023-02-25,2023-03-11,2023-03-02,2023-03-03,1.0,1
SS-018370-PV1,2023-01-14,2023-01-14,2023-01-28,2023-01-15,2023-01-17,2.0,1
SS-023836-PV1,2023-08-19,2023-08-19,2023-09-02,2023-08-24,2023-09-08,15.0,0
SS-027271-PV1,2021-04-03,2021-04-03,2021-04-17,2021-04-07,2021-05-06,29.0,0
SS-026586-PV1,2024-03-16,2024-03-16,2024-03-30,2024-03-21,2024-04-25,35.0,0
SS-004511-PV1,2025-02-15,2025-02-15,2025-03-01,2025-02-15,2025-02-21,6.0,1
SS-012654-PV1,2023-07-15,2023-07-15,2023-07-29,2023-07-17,2023-07-21,4.0,1
SS-012654-PV1,2023-03-11,2023-03-11,2023-03-25,2023-03-13,2023-03-15,2.0,1
SS-014464-PV1,2022-10-08,2022-10-08,2022-10-22,2022-10-10,2022-10-18,8.0,1
SS-003665-PV1,2024-02-24,2024-02-24,2024-03-09,2024-02-28,2024-03-01,2.0,1
SS-016205-PV1,2024-07-13,2024-07-13,2024-07-27,2024-07-14,2024-07-22,8.0,1
SS-019048-PV1,2022-08-06,2022-08-06,2022-08-20,2022-08-12,2022-08-16,4.0,1
SS-017852-PV1,2021-08-21,2021-08-21,2021-09-04,2021-08-24,2021-08-26,2.0,1
SS-026977-PV1,2021-10-02,2021-10-02,2021-10-16,2021-10-06,2021-10-08,2.0,1
SS-015811-PV1,2025-05-03,2025-05-03,2025-05-17,2025-05-06,2025-05-09,3.0,1
SS-020484-PV1,2024-04-27,2024-04-27,2024-05-11,2024-04-29,2024-05-02,3.0,1
SS-025853-PV1,2024-01-20,2024-01-20,2024-02-03,2024-01-26,2024-01-28,2.0,1
SS-030305-PV1,2023-04-08,2023-04-08,2023-04-22,2023-04-12,2023-04-14,2.0,1
SS-024753-PV1,2022-05-21,2022-05-21,2022-06-04,2022-05-24,2022-05-25,1.0,1
SS-014124-PV1,2025-06-07,2025-06-07,2025-06-21,2025-06-12,2025-06-14,2.0,1
SS-007811-PV1,2021-02-27,2021-02-27,2021-03-13,2021-03-01,2021-04-21,51.0,0
SS-016053-PV1,2021-06-12,2021-06-12,2021-06-26,2021-06-18,2021-08-06,49.0,0
SS-027640-PV1,2022-04-02,2022-04-02,2022-04-16,2022-04-05,2022-04-19,14.0,0
SS-027941-PV1,2021-05-15,2021-05-15,2021-05-29,2021-05-19,2021-06-10,22.0,0
SS-025526-PV1,2021-05-01,2021-05-01,2021-05-15,2021-05-01,2021-05-28,27.0,0
SS-004050-PV1,2021-02-06,2021-02-06,2021-02-20,2021-02-10,2021-03-18,36.0,0
SS-025894-PV1,2021-12-25,2021-12-25,2022-01-08,2021-12-31,2022-01-21,21.0,0
SS-004050-PV1,2021-08-28,2021-08-28,2021-09-11,2021-09-02,2021-09-10,8.0,1
SS-019198-PV1,2021-11-20,2021-11-20,2021-12-04,2021-11-21,2021-11-23,2.0,1
SS-006750-PV1,2025-04-12,2025-04-12,2025-04-26,2025-04-15,2025-04-16,1.0,1
SS-019048-PV1,2024-12-14,2024-12-14,2024-12-28,2024-12-20,2024-12-23,3.0,1
SS-012512-PV1,2023-01-07,2023-01-07,2023-01-21,2023-01-09,2023-01-31,22.0,0
SS-020419-PV1,2024-06-01,2024-06-01,2024-06-15,2024-06-07,2024-06-10,3.0,1
SS-017395-PV1,2023-11-04,2023-11-04,2023-11-18,2023-11-05,2023-11-08,3.0,1
SS-027640-PV1,2023-01-21,2023-01-21,2023-02-04,2023-01-25,2023-02-06,12.0,0
SS-015287-PV1,2025-02-22,2025-02-22,2025-03-08,2025-02-24,2025-03-12,16.0,0
SS-023585-PV1,2023-04-08,2023-04-08,2023-04-22,2023-04-14,2023-04-26,12.0,0
SS-023585-PV1,2023-04-08,2023-04-08,2023-04-22,2023-04-14,2023-04-26,12.0,0
SS-002243-PV1,2024-10-05,2024-10-05,2024-10-19,2024-10-08,2024-10-11,3.0,1
SS-003664-PV1,2022-10-01,2022-10-01,2022-10-15,2022-10-04,2022-10-08,4.0,1
SS-011151-PV1,2025-03-15,2025-03-15,2025-03-29,2025-03-18,2025-04-03,16.0,0
SS-007470-PV1,2024-06-22,2024-06-22,2024-07-06,2024-06-23,2024-06-25,2.0,1
SS-025894-PV1,2023-12-16,2023-12-16,2023-12-30,2023-12-20,2024-02-26,68.0,0
SS-029604-PV1,2023-12-30,2023-12-30,2024-01-13,2024-01-05,2024-01-10,5.0,1
SS-024755-PV1,2022-05-21,2022-05-21,2022-06-04,2022-05-24,2022-05-25,1.0,1
SS-010680-PV1,2023-09-02,2023-09-02,2023-09-16,2023-09-06,2023-09-15,9.0,1
SS-015289-PV1,2024-08-03,2024-08-03,2024-08-17,2024-08-08,2024-08-16,8.0,1
SS-025895-PV1,2024-04-27,2024-04-27,2024-05-11,2024-04-30,2024-05-08,8.0,1
SS-024755-PV1,2023-12-02,2023-12-02,2023-12-16,2023-12-03,2023-12-08,5.0,1
SS-025538-PV1,2024-07-06,2024-07-06,2024-07-20,2024-07-08,2024-07-10,2.0,1
SS-014124-PV1,2022-09-24,2022-09-24,2022-10-08,2022-09-29,2022-10-03,4.0,1
SS-030341-PV1,2022-10-29,2022-10-29,2022-11-12,2022-11-02,2022-11-30,28.0,0
SS-010344-PV1,2025-04-19,2025-04-19,2025-05-03,2025-04-22,2025-04-24,2.0,1
SS-019813-PV1,2023-02-04,2023-02-04,2023-02-18,2023-02-07,2023-02-15,8.0,1
SS-024753-PV1,2023-04-01,2023-04-01,2023-04-15,2023-04-01,2023-04-11,10.0,1
SS-027537-PV1,2023-02-18,2023-02-18,2023-03-04,2023-02-19,2023-02-19,0.0,1
SS-001197-PV1,2023-07-01,2023-07-01,2023-07-15,2023-07-01,2023-07-05,4.0,1
SS-011151-PV1,2023-08-05,2023-08-05,2023-08-19,2023-08-07,2023-08-11,4.0,1
SS-011906-PV1,2024-10-12,2024-10-12,2024-10-26,2024-10-13,2024-10-15,2.0,1
SS-028266-PV1,2025-03-22,2025-03-22,2025-04-05,2025-03-23,2025-04-07,15.0,0
SS-026977-PV1,2024-10-12,2024-10-12,2024-10-26,2024-10-14,2024-10-16,2.0,1
SS-009868-PV1,2023-02-11,2023-02-11,2023-02-25,2023-02-13,2023-02-28,15.0,0
SS-017395-PV1,2023-01-21,2023-01-21,2023-02-04,2023-01-23,2023-02-03,11.0,1
SS-024753-PV1,2024-01-06,2024-01-06,2024-01-20,2024-01-08,2024-01-13,5.0,1
SS-025198-PV1,2023-01-21,2023-01-21,2023-02-04,2023-01-23,2023-02-01,9.0,1
SS-026586-PV1,2021-01-23,2021-01-23,2021-02-06,2021-01-24,2022-04-29,460.0,0
SS-019237-PV1,2023-12-16,2023-12-16,2023-12-30,2023-12-16,2023-12-20,4.0,1
SS-012241-PV1,2025-03-29,2025-03-29,2025-04-12,2025-04-04,2025-04-12,8.0,0
SS-003036-PV1,2023-02-04,2023-02-04,2023-02-18,2023-02-04,2023-02-07,3.0,1
SS-022204-PV1,2022-11-05,2022-11-05,2022-11-19,2022-11-11,2022-12-08,27.0,0
SS-002314-PV1,2023-01-14,2023-01-14,2023-01-28,2023-01-17,2023-01-31,14.0,0
SS-027537-PV1,2023-02-25,2023-02-25,2023-03-11,2023-03-03,2023-03-14,11.0,0
SS-027537-PV1,2023-05-13,2023-05-13,2023-05-27,2023-05-18,2023-05-19,1.0,1
SS-030370-PV1,2024-05-25,2024-05-25,2024-06-08,2024-05-29,2024-06-05,7.0,1
SS-016402-PV1,2022-04-16,2022-04-16,2022-04-30,2022-04-22,2022-05-02,10.0,0
SS-022187-PV1,2025-04-12,2025-04-12,2025-04-26,2025-04-17,2025-05-14,27.0,0
SS-017852-PV1,2023-03-25,2023-03-25,2023-04-08,2023-03-29,2023-04-08,10.0,0
SS-023834-PV1,2024-09-21,2024-09-21,2024-10-05,2024-09-27,2024-10-02,5.0,1
SS-023190-PV1,2023-07-29,2023-07-29,2023-08-12,2023-08-01,2023-08-09,8.0,1
SS-026586-PV1,2023-02-11,2023-02-11,2023-02-25,2023-02-17,2023-02-23,6.0,1
SS-012396-PV1,2024-10-26,2024-10-26,2024-11-09,2024-10-29,2024-10-29,0.0,1
SS-027742-PV1,2023-07-22,2023-07-22,2023-08-05,2023-07-25,2023-07-26,1.0,1
SS-003827-PV1,2024-03-30,2024-03-30,2024-04-13,2024-04-01,2024-04-05,4.0,1
SS-026586-PV1,2023-01-28,2023-01-28,2023-02-11,2023-02-02,2023-02-07,5.0,1
SS-013568-PV1,2022-08-20,2022-08-20,2022-09-03,2022-08-23,2022-08-29,6.0,1
SS-025895-PV1,2024-02-17,2024-02-17,2024-03-02,2024-02-22,2024-02-26,4.0,1
SS-017326-PV1,2025-03-15,2025-03-15,2025-03-29,2025-03-15,2025-04-28,44.0,0
SS-012396-PV1,2025-03-08,2025-03-08,2025-03-22,2025-03-11,2025-03-24,13.0,0
SS-023194-PV1,2024-12-07,2024-12-07,2024-12-21,2024-12-09,2024-12-12,3.0,1
SS-026586-PV1,2022-08-13,2022-08-13,2022-08-27,2022-08-17,2022-08-18,1.0,1
SS-027600-PV1,2023-07-22,2023-07-22,2023-08-05,2023-07-26,2023-07-29,3.0,1
SS-028632-PV1,2025-03-15,2025-03-15,2025-03-29,2025-03-16,2025-03-16,0.0,1
SS-030344-PV1,2023-04-29,2023-04-29,2023-05-13,2023-04-29,2023-05-01,2.0,1
SS-003537-PV1,2025-03-08,2025-03-08,2025-03-22,2025-03-14,2025-04-14,31.0,0
SS-025853-PV1,2024-03-30,2024-03-30,2024-04-13,2024-04-03,2024-04-05,2.0,1
SS-002243-PV1,2023-02-04,2023-02-04,2023-02-18,2023-02-07,2023-02-09,2.0,1
SS-008104-PV1,2023-09-30,2023-09-30,2023-10-14,2023-10-06,2023-10-09,3.0,1
SS-011898-PV1,2024-03-16,2024-03-16,2024-03-30,2024-03-20,2024-03-25,5.0,1
SS-028024-PV1,2023-03-18,2023-03-18,2023-04-01,2023-03-18,2023-04-10,23.0,0
SS-024125-PV1,2025-03-08,2025-03-08,2025-03-22,2025-03-11,2025-04-18,38.0,0
SS-010268-PV1,2023-09-02,2023-09-02,2023-09-16,2023-09-05,2023-09-11,6.0,1
SS-026901-PV1,2022-10-01,2022-10-01,2022-10-15,2022-10-05,2022-10-08,3.0,1
SS-020832-PV1,2024-07-13,2024-07-13,2024-07-27,2024-07-13,2024-07-22,9.0,1
SS-024360-PV1,2023-01-21,2023-01-21,2023-02-04,2023-01-21,2023-02-08,18.0,0
SS-002243-PV1,2023-01-14,2023-01-14,2023-01-28,2023-01-18,2023-02-02,15.0,0
SS-012512-PV1,2025-03-15,2025-03-15,2025-03-29,2025-03-17,2025-03-21,4.0,1
SS-019048-PV1,2024-03-30,2024-03-30,2024-04-13,2024-04-01,2024-04-06,5.0,1
SS-017395-PV1,2025-01-11,2025-01-11,2025-01-25,2025-01-14,2025-01-16,2.0,1
SS-008891-PV1,2025-01-04,2025-01-04,2025-01-18,2025-01-09,2025-01-16,7.0,1
SS-018370-PV1,2023-03-04,2023-03-04,2023-03-18,2023-03-06,2023-03-07,1.0,1
SS-014124-PV1,2022-05-21,2022-05-21,2022-06-04,2022-05-24,2022-05-25,1.0,1
SS-030127-PV1,2024-03-02,2024-03-02,2024-03-16,2024-03-07,2024-03-12,5.0,1
SS-010478-PV1,2024-07-13,2024-07-13,2024-07-27,2024-07-18,2024-07-24,6.0,1
SS-012105-PV1,2024-03-23,2024-03-23,2024-04-06,2024-03-25,2024-03-28,3.0,1
SS-027942-PV1,2022-12-03,2022-12-03,2022-12-17,2022-12-09,2022-12-17,8.0,0
SS-009178-PV1,2023-04-22,2023-04-22,2023-05-06,2023-04-28,2023-04-29,1.0,1
SS-019048-PV1,2023-04-08,2023-04-08,2023-04-22,2023-04-14,2023-04-26,12.0,0
SS-010318-PV1,2024-03-23,2024-03-23,2024-04-06,2024-03-27,2024-03-29,2.0,1
SS-027941-PV1,2025-05-03,2025-05-03,2025-05-17,2025-05-06,2025-05-08,2.0,1
SS-030305-PV1,2022-08-27,2022-08-27,2022-09-10,2022-08-29,2022-09-01,3.0,1
SS-010344-PV1,2024-04-20,2024-04-20,2024-05-04,2024-04-24,2024-04-29,5.0,1
SS-017395-PV1,2023-02-18,2023-02-18,2023-03-04,2023-02-23,2023-04-10,46.0,0
SS-012648-PV1,2023-03-25,2023-03-25,2023-04-08,2023-03-28,2023-04-10,13.0,0
SS-021987-PV1,2023-12-09,2023-12-09,2023-12-23,2023-12-13,2023-12-22,9.0,1
SS-030370-PV1,2023-06-10,2023-06-10,2023-06-24,2023-06-10,2023-06-13,3.0,1
SS-014150-PV1,2023-04-08,2023-04-08,2023-04-22,2023-04-13,2023-04-15,2.0,1
SS-009178-PV1,2022-11-05,2022-11-05,2022-11-19,2022-11-05,2022-12-01,26.0,0
SS-012512-PV1,2022-09-03,2022-09-03,2022-09-17,2022-09-05,2022-09-14,9.0,1
SS-001422-PV1,2024-02-17,2024-02-17,2024-03-02,2024-02-17,2024-02-28,11.0,1
SS-024436-PV1,2025-05-03,2025-05-03,2025-05-17,2025-05-07,2025-05-23,16.0,0
SS-030277-PV1,2024-09-07,2024-09-07,2024-09-21,2024-09-12,2024-09-13,1.0,1
SS-028232-PV1,2022-10-22,2022-10-22,2022-11-05,2022-10-28,2022-11-04,7.0,1
SS-024172-PV1,2023-04-29,2023-04-29,2023-05-13,2023-05-02,2023-05-06,4.0,1
SS-012654-PV1,2023-02-04,2023-02-04,2023-02-18,2023-02-10,2023-02-24,14.0,0
SS-006750-PV1,2024-06-29,2024-06-29,2024-07-13,2024-07-03,2024-07-10,7.0,1
SS-025525-PV1,2024-05-11,2024-05-11,2024-05-25,2024-05-17,2024-05-18,1.0,1
SS-010857-PV1,2022-09-10,2022-09-10,2022-09-24,2022-09-11,2022-09-13,2.0,1
SS-009178-PV1,2023-01-28,2023-01-28,2023-02-11,2023-01-29,2023-02-02,4.0,1
SS-010478-PV1,2025-05-10,2025-05-10,2025-05-24,2025-05-10,2025-05-15,5.0,1
SS-011650-PV1,2024-11-09,2024-11-09,2024-11-23,2024-11-15,2024-11-20,5.0,1
SS-024172-PV1,2023-12-30,2023-12-30,2024-01-13,2023-12-31,2024-01-22,22.0,0
SS-001197-PV1,2024-03-30,2024-03-30,2024-04-13,2024-04-01,2024-04-05,4.0,1
SS-012709-PV1,2024-12-14,2024-12-14,2024-12-28,2024-12-17,2025-01-07,21.0,0
SS-013568-PV1,2024-01-27,2024-01-27,2024-02-10,2024-01-30,2024-02-12,13.0,0
SS-007470-PV1,2024-07-06,2024-07-06,2024-07-20,2024-07-09,2024-07-11,2.0,1
SS-030305-PV1,2022-05-07,2022-05-07,2022-05-21,2022-05-08,2022-05-12,4.0,1
SS-012026-PV1,2023-02-25,2023-02-25,2023-03-11,2023-02-26,2023-03-07,9.0,1
SS-020832-PV1,2023-04-22,2023-04-22,2023-05-06,2023-04-23,2023-04-29,6.0,1
SS-001889-PV1,2022-12-24,2022-12-24,2023-01-07,2022-12-26,2022-12-27,1.0,1
SS-012396-PV1,2025-03-08,2025-03-08,2025-03-22,2025-03-13,2025-03-24,11.0,0
SS-025853-PV1,2023-04-08,2023-04-08,2023-04-22,2023-04-12,2023-04-14,2.0,1
SS-027742-PV1,2023-10-28,2023-10-28,2023-11-11,2023-10-30,2023-11-02,3.0,1
SS-020484-PV1,2024-10-19,2024-10-19,2024-11-02,2024-10-25,2024-10-30,5.0,1
SS-002391-PV1,2023-08-19,2023-08-19,2023-09-02,2023-08-25,2023-10-06,42.0,0
SS-001785-PV1,2023-05-13,2023-05-13,2023-05-27,2023-05-15,2023-05-17,2.0,1
SS-016812-PV1,2024-12-07,2024-12-07,2024-12-21,2024-12-11,2024-12-16,5.0,1
SS-029615-PV1,2023-02-25,2023-02-25,2023-03-11,2023-03-01,2023-03-16,15.0,0
SS-016204-PV1,2024-09-14,2024-09-14,2024-09-28,2024-09-18,2024-09-23,5.0,1
SS-024435-PV1,2023-11-11,2023-11-11,2023-11-25,2023-11-16,2023-11-20,4.0,1
SS-012509-PV1,2024-06-29,2024-06-29,2024-07-13,2024-07-01,2024-07-05,4.0,1
SS-008259-PV1,2022-11-05,2022-11-05,2022-11-19,2022-11-07,2022-11-14,7.0,1
SS-012282-PV1,2023-03-04,2023-03-04,2023-03-18,2023-03-09,2023-04-08,30.0,0
SS-006750-PV1,2025-05-03,2025-05-03,2025-05-17,2025-05-06,2025-05-09,3.0,1
SS-015287-PV1,2025-03-15,2025-03-15,2025-03-29,2025-03-16,2025-03-16,0.0,1
SS-027001-PV1,2024-07-13,2024-07-13,2024-07-27,2024-07-16,2024-07-22,6.0,1
SS-012681-PV1,2023-09-23,2023-09-23,2023-10-07,2023-09-25,2023-10-18,23.0,0
SS-019198-PV1,2022-12-03,2022-12-03,2022-12-17,2022-12-09,2022-12-17,8.0,0
SS-012654-PV1,2023-07-01,2023-07-01,2023-07-15,2023-07-05,2023-07-12,7.0,1
SS-005895-PV1,2022-12-31,2022-12-31,2023-01-14,2023-01-05,2023-01-31,26.0,0
SS-006750-PV1,2023-05-13,2023-05-13,2023-05-27,2023-05-18,2023-05-23,5.0,1
SS-029653-PV1,2025-01-11,2025-01-11,2025-01-25,2025-01-14,2025-01-21,7.0,1
SS-012512-PV1,2024-05-25,2024-05-25,2024-06-08,2024-05-26,2024-06-03,8.0,1
SS-023586-PV1,2023-01-21,2023-01-21,2023-02-04,2023-01-25,2023-02-04,10.0,0
SS-006245-PV1,2025-02-22,2025-02-22,2025-03-08,2025-02-28,2025-03-10,10.0,0
SS-029615-PV1,2022-08-27,2022-08-27,2022-09-10,2022-08-29,2022-09-09,11.0,1
SS-007469-PV1,2024-08-17,2024-08-17,2024-08-31,2024-08-17,2024-08-20,3.0,1
SS-024756-PV1,2023-12-23,2023-12-23,2024-01-06,2023-12-26,2024-01-30,35.0,0
SS-028266-PV1,2024-04-20,2024-04-20,2024-05-04,2024-04-22,2024-04-24,2.0,1
SS-003937-PV1,2024-12-28,2024-12-28,2025-01-11,2024-12-30,2025-01-09,10.0,1
SS-005960-PV1,2024-04-27,2024-04-27,2024-05-11,2024-05-02,2024-05-20,18.0,0
SS-029615-PV1,2023-10-21,2023-10-21,2023-11-04,2023-10-22,2023-10-27,5.0,1
SS-001862-PV1,2022-08-20,2022-08-20,2022-09-03,2022-08-22,2022-08-24,2.0,1
SS-024164-PV1,2024-02-03,2024-02-03,2024-02-17,2024-02-09,2024-02-13,4.0,1
SS-006310-PV1,2023-11-25,2023-11-25,2023-12-09,2023-11-28,2023-12-02,4.0,1
SS-030340-PV1,2022-10-29,2022-10-29,2022-11-12,2022-11-02,2022-11-04,2.0,1
SS-024164-PV1,2023-07-08,2023-07-08,2023-07-22,2023-07-11,2023-07-12,1.0,1
SS-005960-PV1,2022-11-12,2022-11-12,2022-11-26,2022-11-14,2022-11-17,3.0,1
SS-014124-PV1,2023-08-05,2023-08-05,2023-08-19,2023-08-08,2023-08-14,6.0,1
SS-010277-PV1,2025-03-15,2025-03-15,2025-03-29,2025-03-19,2025-04-25,37.0,0
SS-019048-PV1,2023-05-06,2023-05-06,2023-05-20,2023-05-08,2023-05-10,2.0,1
SS-019158-PV1,2022-09-24,2022-09-24,2022-10-08,2022-09-25,2022-09-28,3.0,1
SS-029653-PV1,2024-04-27,2024-04-27,2024-05-11,2024-05-03,2024-05-06,3.0,1
SS-011281-PV1,2023-04-22,2023-04-22,2023-05-06,2023-04-26,2023-04-27,1.0,1
SS-013568-PV1,2022-10-29,2022-10-29,2022-11-12,2022-11-03,2022-12-01,28.0,0
SS-009026-PV1,2022-08-06,2022-08-06,2022-08-20,2022-08-10,2022-08-15,5.0,1
SS-028977-PV1,2025-04-12,2025-04-12,2025-04-26,2025-04-16,2025-04-17,1.0,1
SS-004271-PV1,2022-11-12,2022-11-12,2022-11-26,2022-11-12,2022-11-17,5.0,1
SS-023988-PV1,2023-09-23,2023-09-23,2023-10-07,2023-09-26,2023-09-28,2.0,1
SS-008259-PV1,2022-11-19,2022-11-19,2022-12-03,2022-11-19,2022-11-30,11.0,1
SS-027271-PV1,2024-09-07,2024-09-07,2024-09-21,2024-09-13,2024-09-20,7.0,1
SS-027271-PV1,2024-09-07,2024-09-07,2024-09-21,2024-09-13,2024-09-20,7.0,1
SS-017852-PV1,2022-09-17,2022-09-17,2022-10-01,2022-09-21,2022-09-26,5.0,1
SS-022188-PV1,2023-08-19,2023-08-19,2023-09-02,2023-08-21,2023-08-25,4.0,1
SS-001423-PV1,2024-11-02,2024-11-02,2024-11-16,2024-11-02,2024-11-05,3.0,1
SS-007931-PV1,2024-12-21,2024-12-21,2025-01-04,2024-12-26,2024-12-31,5.0,1
SS-024172-PV1,2024-02-03,2024-02-03,2024-02-17,2024-02-07,2024-02-15,8.0,1
SS-019048-PV1,2024-10-26,2024-10-26,2024-11-09,2024-10-31,2024-11-06,6.0,1
SS-010478-PV1,2022-09-17,2022-09-17,2022-10-01,2022-09-20,2022-09-23,3.0,1
SS-019526-PV1,2023-07-29,2023-07-29,2023-08-12,2023-08-04,2023-08-14,10.0,0
SS-006199-PV1,2023-02-04,2023-02-04,2023-02-18,2023-02-10,2023-02-15,5.0,1
SS-011141-PV1,2022-06-11,2022-06-11,2022-06-25,2022-06-14,2022-06-17,3.0,1
SS-023625-PV1,2025-03-22,2025-03-22,2025-04-05,2025-03-28,2025-04-14,17.0,0
SS-012654-PV1,2025-03-08,2025-03-08,2025-03-22,2025-03-14,2025-04-21,38.0,0
SS-034128-PV1,2023-06-10,2023-06-10,2023-06-24,2023-06-13,2023-06-22,9.0,1
SS-024436-PV1,2025-02-08,2025-02-08,2025-02-22,2025-02-13,2025-02-25,12.0,0
SS-027537-PV1,2023-03-11,2023-03-11,2023-03-25,2023-03-17,2023-03-23,6.0,1
SS-020328-PV1,2023-06-17,2023-06-17,2023-07-01,2023-06-20,2023-06-23,3.0,1
SS-028266-PV1,2022-05-14,2022-05-14,2022-05-28,2022-05-17,2022-05-19,2.0,1
SS-016404-PV1,2022-07-09,2022-07-09,2022-07-23,2022-07-14,2022-07-18,4.0,1
SS-025538-PV1,2022-12-03,2022-12-03,2022-12-17,2022-12-07,2022-12-17,10.0,0
SS-026586-PV1,2024-03-16,2024-03-16,2024-03-30,2024-03-21,2024-04-25,35.0,0
SS-019048-PV1,2022-12-31,2022-12-31,2023-01-14,2023-01-04,2023-01-31,27.0,0
SS-024166-PV1,2023-09-09,2023-09-09,2023-09-23,2023-09-12,2023-10-09,27.0,0
SS-013568-PV1,2024-05-18,2024-05-18,2024-06-01,2024-05-19,2024-05-22,3.0,1
SS-024172-PV1,2023-05-06,2023-05-06,2023-05-20,2023-05-07,2023-05-08,1.0,1
SS-019048-PV1,2025-03-08,2025-03-08,2025-03-22,2025-03-14,2025-04-16,33.0,0
SS-026335-PV1,2023-03-25,2023-03-25,2023-04-08,2023-03-25,2023-04-03,9.0,1
SS-018370-PV1,2024-01-20,2024-01-20,2024-02-03,2024-01-24,2024-01-29,5.0,1
SS-001861-PV1,2023-03-11,2023-03-11,2023-03-25,2023-03-17,2023-03-27,10.0,0
SS-024164-PV1,2023-03-04,2023-03-04,2023-03-18,2023-03-09,2023-03-10,1.0,1
SS-027639-PV1,2023-05-06,2023-05-06,2023-05-20,2023-05-10,2023-05-12,2.0,1
SS-016204-PV1,2025-03-29,2025-03-29,2025-04-12,2025-04-02,2025-04-29,27.0,0
SS-022187-PV1,2023-01-07,2023-01-07,2023-01-21,2023-01-10,2023-01-23,13.0,0
SS-002912-PV1,2023-06-17,2023-06-17,2023-07-01,2023-06-17,2023-06-24,7.0,1
SS-018029-PV1,2022-11-19,2022-11-19,2022-12-03,2022-11-19,2022-11-30,11.0,1
SS-030305-PV1,2023-10-21,2023-10-21,2023-11-04,2023-10-22,2023-10-28,6.0,1
SS-029615-PV1,2023-05-06,2023-05-06,2023-05-20,2023-05-10,2023-05-12,2.0,1
SS-016568-PV1,2023-03-25,2023-03-25,2023-04-08,2023-03-31,2023-04-07,7.0,1
SS-027600-PV1,2023-01-21,2023-01-21,2023-02-04,2023-01-22,2023-02-03,12.0,1
SS-001050-PV1,2024-12-07,2024-12-07,2024-12-21,2024-12-07,2025-05-23,167.0,0
SS-016204-PV1,2022-07-16,2022-07-16,2022-07-30,2022-07-20,2022-07-28,8.0,1
SS-016568-PV1,2022-10-15,2022-10-15,2022-10-29,2022-10-19,2022-11-01,13.0,0
SS-015806-PV1,2024-05-18,2024-05-18,2024-06-01,2024-05-18,2024-05-21,3.0,1
SS-015811-PV1,2022-04-30,2022-04-30,2022-05-14,2022-05-05,2022-05-06,1.0,1
SS-024756-PV1,2023-04-15,2023-04-15,2023-04-29,2023-04-21,2023-04-24,3.0,1
SS-028977-PV1,2024-09-14,2024-09-14,2024-09-28,2024-09-16,2024-09-18,2.0,1
SS-031117-PV1,2025-04-19,2025-04-19,2025-05-03,2025-04-24,2025-05-19,25.0,0
SS-017852-PV1,2023-01-14,2023-01-14,2023-01-28,2023-01-18,2023-01-23,5.0,1
SS-006750-PV1,2022-04-30,2022-04-30,2022-05-14,2022-05-01,2022-05-03,2.0,1
SS-024172-PV1,2023-02-04,2023-02-04,2023-02-18,2023-02-07,2023-02-09,2.0,1
SS-019277-PV1,2023-02-11,2023-02-11,2023-02-25,2023-02-16,2023-03-08,20.0,0
SS-024435-PV1,2022-11-19,2022-11-19,2022-12-03,2022-11-23,2022-12-22,29.0,0
SS-007811-PV1,2024-12-21,2024-12-21,2025-01-04,2024-12-21,2025-01-11,21.0,0
SS-014163-PV1,2023-03-04,2023-03-04,2023-03-18,2023-03-04,2023-03-21,17.0,0
SS-020328-PV1,2023-02-25,2023-02-25,2023-03-11,2023-02-27,2023-03-04,5.0,1
SS-006177-PV1,2023-07-01,2023-07-01,2023-07-15,2023-07-05,2023-07-12,7.0,1
SS-012105-PV1,2022-07-23,2022-07-23,2022-08-06,2022-07-25,2022-07-28,3.0,1
SS-011632-PV1,2024-02-17,2024-02-17,2024-03-02,2024-02-22,2024-02-26,4.0,1
SS-016204-PV1,2025-04-19,2025-04-19,2025-05-03,2025-04-24,2025-04-29,5.0,1
SS-027537-PV1,2022-12-03,2022-12-03,2022-12-17,2022-12-06,2023-02-02,58.0,0
SS-022975-PV1,2023-03-18,2023-03-18,2023-04-01,2023-03-23,2023-03-29,6.0,1
SS-005895-PV1,2023-08-19,2023-08-19,2023-09-02,2023-08-21,2023-08-25,4.0,1
SS-010268-PV1,2023-09-16,2023-09-16,2023-09-30,2023-09-18,2023-09-28,10.0,1
SS-026587-PV1,2022-09-10,2022-09-10,2022-09-24,2022-09-13,2022-09-16,3.0,1
SS-003664-PV1,2024-04-27,2024-04-27,2024-05-11,2024-04-30,2024-05-03,3.0,1
SS-026586-PV1,2022-07-23,2022-07-23,2022-08-06,2022-07-26,2022-07-29,3.0,1
SS-023194-PV1,2022-08-06,2022-08-06,2022-08-20,2022-08-09,2022-08-10,1.0,1
SS-018986-PV1,2025-04-19,2025-04-19,2025-05-03,2025-04-20,2025-04-22,2.0,1
SS-026586-PV1,2021-01-23,2021-01-23,2021-02-06,2021-01-24,2022-04-29,460.0,0
SS-014636-PV1,2023-01-21,2023-01-21,2023-02-04,2023-01-27,2023-02-01,5.0,1
SS-026587-PV1,2023-03-04,2023-03-04,2023-03-18,2023-03-09,2023-04-26,48.0,0
SS-019048-PV1,2024-01-20,2024-01-20,2024-02-03,2024-01-26,2024-01-29,3.0,1
SS-020725-PV1,2025-02-01,2025-02-01,2025-02-15,2025-02-05,2025-02-24,19.0,0
SS-007587-PV1,2025-02-08,2025-02-08,2025-02-22,2025-02-09,2025-02-25,16.0,0
SS-028266-PV1,2025-03-01,2025-03-01,2025-03-15,2025-03-06,2025-03-12,6.0,1
SS-004261-PV1,2024-05-25,2024-05-25,2024-06-08,2024-05-30,2024-06-04,5.0,1
SS-001683-PV1,2025-03-15,2025-03-15,2025-03-29,2025-03-19,2025-04-12,24.0,0
SS-008858-PV1,2025-05-10,2025-05-10,2025-05-24,2025-05-14,2025-05-22,8.0,1
SS-024448-PV1,2024-09-28,2024-09-28,2024-10-12,2024-09-30,2024-10-02,2.0,1
SS-012509-PV1,2024-12-21,2024-12-21,2025-01-04,2024-12-21,2024-12-26,5.0,1
SS-029206-PV1,2024-07-20,2024-07-20,2024-08-03,2024-07-25,2024-08-02,8.0,1
SS-019235-PV1,2024-02-17,2024-02-17,2024-03-02,2024-02-21,2024-02-29,8.0,1
SS-028266-PV1,2025-05-17,2025-05-17,2025-05-31,2025-05-22,2025-05-29,7.0,1
SS-001679-PV1,2024-10-26,2024-10-26,2024-11-09,2024-10-28,2024-10-29,1.0,1
SS-030276-PV1,2023-04-15,2023-04-15,2023-04-29,2023-04-20,2023-04-22,2.0,1
SS-024756-PV1,2022-10-08,2022-10-08,2022-10-22,2022-10-11,2022-10-18,7.0,1
SS-023194-PV1,2023-04-08,2023-04-08,2023-04-22,2023-04-13,2023-04-20,7.0,1
SS-008857-PV1,2025-03-15,2025-03-15,2025-03-29,2025-03-15,2025-05-22,68.0,0
SS-028632-PV1,2024-04-06,2024-04-06,2024-04-20,2024-04-06,2024-04-08,2.0,1
SS-009178-PV1,2023-03-04,2023-03-04,2023-03-18,2023-03-07,2023-03-13,6.0,1
SS-013568-PV1,2025-01-04,2025-01-04,2025-01-18,2025-01-07,2025-01-16,9.0,1
SS-006750-PV1,2023-04-29,2023-04-29,2023-05-13,2023-05-02,2023-05-03,1.0,1
SS-012512-PV1,2024-06-29,2024-06-29,2024-07-13,2024-06-30,2024-07-02,2.0,1
SS-007486-PV1,2022-11-12,2022-11-12,2022-11-26,2022-11-16,2022-11-21,5.0,1
SS-023835-PV1,2022-04-16,2022-04-16,2022-04-30,2022-04-20,2022-04-29,9.0,1
SS-030344-PV1,2023-03-11,2023-03-11,2023-03-25,2023-03-16,2023-03-18,2.0,1
SS-014124-PV1,2025-02-08,2025-02-08,2025-02-22,2025-02-09,2025-03-21,40.0,0
SS-003664-PV1,2025-03-15,2025-03-15,2025-03-29,2025-03-20,2025-04-15,26.0,0
SS-028632-PV1,2025-03-22,2025-03-22,2025-04-05,2025-03-28,2025-04-22,25.0,0
SS-019235-PV1,2023-01-14,2023-01-14,2023-01-28,2023-01-19,2023-01-28,9.0,0
SS-022861-PV1,2023-02-04,2023-02-04,2023-02-18,2023-02-08,2023-02-09,1.0,1
SS-016052-PV1,2025-05-24,2025-05-24,2025-06-07,2025-05-26,2025-05-29,3.0,1
SS-021987-PV1,2024-03-23,2024-03-23,2024-04-06,2024-03-29,2024-04-05,7.0,1
SS-030370-PV1,2024-05-18,2024-05-18,2024-06-01,2024-05-20,2024-05-22,2.0,1
SS-007470-PV1,2025-03-08,2025-03-08,2025-03-22,2025-03-14,2025-04-07,24.0,0
SS-022181-PV1,2024-03-30,2024-03-30,2024-04-13,2024-03-30,2024-04-04,5.0,1
SS-012006-PV1,2025-04-19,2025-04-19,2025-05-03,2025-04-24,2025-04-26,2.0,1
SS-017450-PV1,2022-12-31,2022-12-31,2023-01-14,2023-01-05,2023-01-23,18.0,0
SS-022019-PV1,2022-08-27,2022-08-27,2022-09-10,2022-08-29,2022-09-16,18.0,0
SS-029206-PV1,2022-09-03,2022-09-03,2022-09-17,2022-09-05,2022-10-05,30.0,0
SS-027588-PV1,2023-05-06,2023-05-06,2023-05-20,2023-05-10,2023-05-12,2.0,1
SS-017852-PV1,2023-01-07,2023-01-07,2023-01-21,2023-01-08,2023-02-03,26.0,0
SS-012963-PV1,2023-11-25,2023-11-25,2023-12-09,2023-11-29,2023-12-11,12.0,0
SS-001071-PV1,2022-09-24,2022-09-24,2022-10-08,2022-09-30,2022-10-19,19.0,0
SS-024755-PV1,2023-04-22,2023-04-22,2023-05-06,2023-04-23,2023-04-24,1.0,1
SS-012396-PV1,2023-06-24,2023-06-24,2023-07-08,2023-06-26,2023-06-29,3.0,1
SS-012648-PV1,2023-03-25,2023-03-25,2023-04-08,2023-03-28,2023-04-10,13.0,0
SS-022187-PV1,2025-04-12,2025-04-12,2025-04-26,2025-04-18,2025-04-22,4.0,1
SS-016204-PV1,2022-10-01,2022-10-01,2022-10-15,2022-10-04,2022-10-06,2.0,1
SS-023625-PV1,2025-07-26,2025-07-26,2025-08-09,2025-07-31,2025-08-01,1.0,1
SS-005962-PV1,2025-07-26,2025-07-26,2025-08-09,2025-07-29,2025-08-01,3.0,1
SS-030305-PV1,2025-07-26,2025-07-26,2025-08-09,2025-07-30,2025-08-01,2.0,1
SS-016746-PV1,2025-07-19,2025-07-19,2025-08-02,2025-07-23,2025-07-28,5.0,1
SS-016746-PV1,2025-07-19,2025-07-19,2025-08-02,2025-07-23,2025-07-28,5.0,1
SS-016746-PV1,2025-07-19,2025-07-19,2025-08-02,2025-07-23,2025-07-28,5.0,1
SS-016746-PV1,2025-07-19,2025-07-19,2025-08-02,2025-07-23,2025-07-28,5.0,1
SS-023194-PV1,2025-06-28,2025-06-28,2025-07-12,2025-06-29,2025-07-11,12.0,1
SS-000798-PV1,2024-04-06,2024-04-06,2024-04-20,2024-04-12,2024-04-18,6.0,1
SS-016204-PV1,2025-03-29,2025-03-29,2025-04-12,2025-04-02,2025-04-07,5.0,1
SS-017395-PV1,2024-09-28,2024-09-28,2024-10-12,2024-10-04,2024-10-08,4.0,1
SS-012105-PV1,2024-07-20,2024-07-20,2024-08-03,2024-07-25,2024-08-02,8.0,1
SS-021282-PV1,2023-11-25,2023-11-25,2023-12-09,2023-11-29,2023-12-02,3.0,1
SS-025526-PV1,2024-03-16,2024-03-16,2024-03-30,2024-03-18,2024-03-19,1.0,1
SS-003664-PV1,2025-03-15,2025-03-15,2025-03-29,2025-03-17,2025-04-14,28.0,0
SS-012654-PV1,2023-04-15,2023-04-15,2023-04-29,2023-04-16,2023-04-20,4.0,1
SS-006750-PV1,2024-06-22,2024-06-22,2024-07-06,2024-06-28,2024-07-02,4.0,1
SS-004260-PV1,2024-06-01,2024-06-01,2024-06-15,2024-06-06,2024-06-10,4.0,1
SS-000573-PV1,2024-03-16,2024-03-16,2024-03-30,2024-03-20,2024-03-21,1.0,1
SS-019235-PV1,2025-02-08,2025-02-08,2025-02-22,2025-02-14,2025-04-09,54.0,0
SS-007429-PV1,2024-03-30,2024-03-30,2024-04-13,2024-04-03,2024-04-08,5.0,1
SS-012105-PV1,2024-05-04,2024-05-04,2024-05-18,2024-05-05,2024-05-08,3.0,1
SS-026999-PV1,2022-09-17,2022-09-17,2022-10-01,2022-09-21,2022-09-23,2.0,1
SS-012709-PV1,2022-07-09,2022-07-09,2022-07-23,2022-07-13,2022-07-14,1.0,1
SS-020832-PV1,2024-03-30,2024-03-30,2024-04-13,2024-03-31,2024-04-06,6.0,1
SS-026586-PV1,2024-07-27,2024-07-27,2024-08-10,2024-07-27,2024-08-05,9.0,1
SS-028977-PV1,2025-08-30,2025-08-30,2025-09-13,2025-09-01,2025-09-05,4.0,1
SS-027571-PV1,2024-08-03,2024-08-03,2024-08-17,2024-08-09,2024-08-13,4.0,1
SS-010344-PV1,2023-01-28,2023-01-28,2023-02-11,2023-02-03,2023-02-15,12.0,0
SS-009178-PV1,2023-05-27,2023-05-27,2023-06-10,2023-05-28,2023-06-02,5.0,1
SS-025525-PV1,2024-09-21,2024-09-21,2024-10-05,2024-09-25,2024-09-27,2.0,1
SS-019048-PV1,2024-10-26,2024-10-26,2024-11-09,2024-11-01,2024-11-13,12.0,0
SS-025853-PV1,2022-10-29,2022-10-29,2022-11-12,2022-10-29,2022-11-08,10.0,1
SS-027600-PV1,2024-02-17,2024-02-17,2024-03-02,2024-02-20,2024-02-28,8.0,1
SS-012445-PV1,2023-06-24,2023-06-24,2023-07-08,2023-06-27,2023-06-30,3.0,1
SS-028361-PV1,2025-03-01,2025-03-01,2025-03-15,2025-03-01,2025-03-12,11.0,1
SS-023983-PV1,2022-05-07,2022-05-07,2022-05-21,2022-05-08,2022-05-13,5.0,1
