segment_id,survey_week,bundle_id,week_start,y_sim,r_sim,Y_hat,R_hat,PotholeFix,PotholeControl,NoPothole
SS-011423-PV1,2026-01-10,3072,,,,,,0,0,0
SS-014576-PV1,2026-01-10,3072,,,,,,0,0,0
SS-014164-PV1,2026-01-10,3072,2026-01-10,0.0,,0.009223477362151183,0.19182440394473493,0,0,1
SS-014578-PV1,2026-01-10,3072,,,,,,0,0,0
SS-010418-PV1,2026-01-10,3072,,,,,,0,0,0
SS-014903-PV1,2026-01-10,3072,2026-01-10,0.0,,0.009223477362151183,0.19182440394473493,0,0,1
SS-011795-PV1,2026-01-10,3072,,,,,,0,0,0
SS-014163-PV1,2026-01-10,3072,2026-01-10,0.0,,0.020673859041540496,0.19182440394473493,0,0,1
SS-011793-PV1,2026-01-10,3072,,,,,,0,0,0
SS-014577-PV1,2026-01-10,3072,,,,,,0,0,0
SS-010417-PV1,2026-01-10,3072,,,,,,0,0,0
SS-011424-PV1,2026-01-10,3072,,,,,,0,0,0
SS-014165-PV1,2026-01-10,3072,,,,,,0,0,0
SS-011796-PV1,2026-01-10,3072,,,,,,0,0,0
SS-011425-PV1,2026-01-10,3072,,,,,,0,0,0
SS-026374-PV1,2026-01-31,3585,,,,,,0,0,0
SS-026799-PV1,2026-01-31,3585,,,,,,0,0,0
SS-026373-PV1,2026-01-31,3585,,,,,,0,0,0
SS-026354-PV1,2026-01-31,3585,,,,,,0,0,0
SS-007319-PV1,2026-01-31,2050,,,,,,0,0,0
SS-023007-PV1,2026-01-31,2050,,,,,,0,0,0
SS-007317-PV1,2026-01-31,2050,,,,,,0,0,0
SS-013018-PV1,2026-01-31,2050,,,,,,0,0,0
SS-014215-PV1,2026-01-31,2050,,,,,,0,0,0
SS-012606-PV1,2026-01-31,2050,,,,,,0,0,0
SS-013977-PV1,2026-01-31,2050,,,,,,0,0,0
SS-007318-PV1,2026-01-31,2050,,,,,,0,0,0
SS-026029-PV1,2026-01-31,2050,,,,,,0,0,0
SS-020230-PV1,2026-01-31,2050,,,,,,0,0,0
SS-005674-PV1,2026-01-31,5132,,,,,,0,0,0
SS-005695-PV1,2026-01-31,5132,,,,,,0,0,0
SS-005694-PV1,2026-01-31,5132,,,,,,0,0,0
SS-005693-PV1,2026-01-31,5132,2026-01-31,0.0,,0.013914380518938911,0.2862327574623963,0,0,1
SS-008360-PV1,2026-01-31,5132,,,,,,0,0,0
SS-005676-PV1,2026-01-31,5132,,,,,,0,0,0
SS-008332-PV1,2026-01-31,5132,,,,,,0,0,0
SS-008335-PV1,2026-01-31,5132,,,,,,0,0,0
SS-005696-PV1,2026-01-31,5132,,,,,,0,0,0
SS-005675-PV1,2026-01-31,5132,,,,,,0,0,0
SS-002314-PV1,2026-01-10,5136,2026-01-10,0.0,,0.009223477362151183,0.19182440394473493,0,0,1
SS-002315-PV1,2026-01-10,5136,,,,,,0,0,0
SS-026006-PV1,2026-01-10,5136,2026-01-10,0.0,,0.009223477362151183,0.19182440394473493,0,0,1
SS-022456-PV1,2026-01-10,5136,,,,,,0,0,0
SS-015130-PV1,2026-01-10,5136,2026-01-10,0.0,,0.009223477362151183,0.19182440394473493,0,0,1
SS-015070-PV1,2026-01-10,5136,,,,,,0,0,0
SS-018733-PV1,2026-01-17,3602,,,,,,0,0,0
SS-017449-PV1,2026-01-17,3602,2026-01-17,0.0,,0.011142717267139307,0.16259503843339354,0,0,1
SS-011653-PV1,2026-01-17,3602,,,,,,0,0,0
SS-017450-PV1,2026-01-17,3602,2026-01-17,0.0,,0.018776305053398848,0.16259503843339354,0,0,1
SS-011649-PV1,2026-01-17,3602,,,,,,0,0,0
SS-011652-PV1,2026-01-17,3602,,,,,,0,0,0
SS-011650-PV1,2026-01-17,3602,2026-01-17,0.0,,0.011142717267139307,0.16259503843339354,0,0,1
SS-017455-PV1,2026-01-17,3602,2026-01-17,0.0,,0.011142717267139307,0.16259503843339354,0,0,1
SS-011651-PV1,2026-01-17,3602,,,,,,0,0,0
SS-004258-PV1,2026-01-24,1554,,,,,,0,0,0
SS-035511-PV1,2026-01-24,1554,,,,,,0,0,0
SS-033360-PV1,2026-01-24,1554,,,,,,0,0,0
SS-004257-PV1,2026-01-24,1554,,,,,,0,0,0
SS-027537-PV1,2026-01-24,1554,2026-01-24,0.0,,0.024224619680513496,0.2476489378269791,0,0,1
SS-027079-PV1,2026-01-24,1554,,,,,,0,0,0
SS-029072-PV1,2026-01-24,5652,,,,,,0,0,0
SS-021840-PV1,2026-01-24,5652,,,,,,0,0,0
SS-021539-PV1,2026-01-24,5652,,,,,,0,0,0
SS-021536-PV1,2026-01-24,5652,,,,,,0,0,0
SS-021537-PV1,2026-01-24,5652,,,,,,0,0,0
SS-007131-PV1,2026-01-24,5652,,,,,,0,0,0
SS-035451-PV1,2026-01-24,5655,,,,,,0,0,0
SS-015988-PV1,2026-01-24,5655,,,,,,0,0,0
SS-019577-PV1,2026-01-24,5655,,,,,,0,0,0
SS-027418-PV1,2026-01-24,5655,,,,,,0,0,0
SS-009641-PV1,2026-01-24,5655,2026-01-24,0.0,,0.020407825787383725,0.2476489378269791,0,0,1
SS-019912-PV1,2026-01-24,5655,,,,,,0,0,0
SS-034752-PV1,2026-01-24,5655,,,,,,0,0,0
SS-019913-PV1,2026-01-24,5655,,,,,,0,0,0
SS-027291-PV1,2026-01-17,5145,,,,,,0,0,0
SS-000573-PV1,2026-01-17,5145,2026-01-17,0.0,,0.011142717267139307,0.16259503843339354,0,0,1
SS-027290-PV1,2026-01-17,5145,,,,,,0,0,0
SS-030229-PV1,2026-01-17,5145,,,,,,0,0,0
SS-015982-PV1,2026-01-17,5145,,,,,,0,0,0
SS-012844-PV1,2026-01-17,5145,,,,,,0,0,0
SS-027292-PV1,2026-01-17,5145,,,,,,0,0,0
SS-015983-PV1,2026-01-17,5145,,,,,,0,0,0
SS-015981-PV1,2026-01-17,5145,2026-01-17,0.0,,0.011142717267139307,0.16259503843339354,0,0,1
SS-009594-PV1,2026-01-17,5145,,,,,,0,0,0
SS-030228-PV1,2026-01-17,5145,,,,,,0,0,0
SS-009593-PV1,2026-01-17,5145,,,,,,0,0,0
SS-027271-PV1,2026-01-31,3614,2026-01-31,0.0,,0.03681514387771753,0.2862327574623963,0,0,1
SS-023625-PV1,2026-01-31,3614,2026-01-31,0.0,,0.04444873166397708,0.2862327574623963,0,0,1
SS-028361-PV1,2026-01-31,3614,2026-01-31,0.0,,0.01009758662580914,0.2862327574623963,0,0,1
SS-001423-PV1,2026-01-31,3614,2026-01-31,0.0,,0.01009758662580914,0.2862327574623963,0,0,1
SS-001422-PV1,2026-01-31,3614,2026-01-31,0.0,,0.021547968305198454,0.2862327574623963,0,0,1
SS-012578-PV1,2026-01-31,3614,2026-01-31,0.0,,0.01009758662580914,0.2862327574623963,0,0,1
SS-028360-PV1,2026-01-31,3614,2026-01-31,0.0,,0.017731174412068684,0.2862327574623963,0,0,1
SS-020419-PV1,2026-01-31,3614,2026-01-31,0.0,,0.010097586625809143,0.2862327574623963,0,0,1
SS-024839-PV1,2026-01-17,5151,,,,,,0,0,0
SS-020484-PV1,2026-01-17,5151,2026-01-17,0.0,,0.018776305053398848,0.16259503843339354,0,0,1
SS-020876-PV1,2026-01-17,5151,,,,,,0,0,0
SS-020875-PV1,2026-01-17,5151,2026-01-17,0.0,,0.011142717267139307,0.16259503843339354,0,0,1
SS-014617-PV1,2026-01-17,5151,,,,,,0,0,0
SS-020874-PV1,2026-01-17,5151,2026-01-17,0.0,,0.011142717267139307,0.16259503843339354,0,0,1
SS-014124-PV1,2026-01-17,5151,2026-01-17,0.0,,0.03404348062591793,0.16259503843339354,0,0,1
SS-020856-PV1,2026-01-17,5151,,,,,,0,0,0
SS-014636-PV1,2026-01-17,5151,2026-01-17,0.0,,0.011142717267139307,0.16259503843339354,0,0,1
SS-014150-PV1,2026-01-17,5151,2026-01-17,0.0,,0.011142717267139307,0.16259503843339354,0,0,1
SS-011366-PV1,2026-01-17,5151,,,,,,0,0,0
SS-020485-PV1,2026-01-17,5151,,,,,,0,0,0
SS-031179-PV1,2026-01-17,2595,,,,,,0,0,0
SS-031181-PV1,2026-01-17,2595,,,,,,0,0,0
SS-031182-PV1,2026-01-17,2595,,,,,,0,0,0
SS-031117-PV1,2026-01-17,2595,2026-01-17,0.0,,0.011142717267139307,0.16259503843339354,0,0,1
SS-031177-PV1,2026-01-17,2595,,,,,,0,0,0
SS-031180-PV1,2026-01-17,2595,,,,,,0,0,0
SS-031398-PV1,2026-01-17,2595,,,,,,0,0,0
SS-031178-PV1,2026-01-17,2595,,,,,,0,0,0
SS-031070-PV1,2026-01-17,1574,,,,,,0,0,0
SS-031549-PV1,2026-01-17,1574,,,,,,0,0,0
SS-031550-PV1,2026-01-17,1574,,,,,,0,0,0
SS-031557-PV1,2026-01-17,1574,,,,,,0,0,0
SS-031068-PV1,2026-01-17,1574,,,,,,0,0,0
SS-031069-PV1,2026-01-17,1574,,,,,,0,0,0
SS-031560-PV1,2026-01-17,1574,,,,,,0,0,0
SS-031067-PV1,2026-01-17,1574,,,,,,0,0,0
SS-027941-PV1,2026-01-24,5160,2026-01-24,0.0,,0.020407825787383725,0.2476489378269791,0,0,1
SS-012963-PV1,2026-01-24,5160,2026-01-24,0.0,,0.008957444107994414,0.2476489378269791,0,0,1
SS-012961-PV1,2026-01-24,5160,2026-01-24,0.0,,0.012774238001124186,0.2476489378269791,0,0,1
SS-012962-PV1,2026-01-24,5160,2026-01-24,0.0,,0.012774238001124184,0.2476489378269791,0,0,1
SS-027942-PV1,2026-01-24,5160,2026-01-24,0.0,,0.020407825787383725,0.2476489378269791,0,0,1
SS-010680-PV1,2026-01-17,5165,2026-01-17,0.0,,0.011142717267139307,0.16259503843339354,0,0,1
SS-008791-PV1,2026-01-17,5165,2026-01-17,0.0,,0.011142717267139307,0.16259503843339354,0,0,1
SS-010320-PV1,2026-01-17,5165,,,,,,0,0,0
SS-010681-PV1,2026-01-17,5165,,,,,,0,0,0
SS-010319-PV1,2026-01-17,5165,,,,,,0,0,0
SS-009187-PV1,2026-01-17,5165,,,,,,0,0,0
SS-009188-PV1,2026-01-17,5165,,,,,,0,0,0
SS-010318-PV1,2026-01-17,5165,2026-01-17,0.0,,0.011142717267139307,0.16259503843339354,0,0,1
SS-010679-PV1,2026-01-17,5165,,,,,,0,0,0
SS-004853-PV1,2026-01-24,3629,,,,,,0,0,0
SS-013085-PV1,2026-01-24,3629,,,,,,0,0,0
SS-008709-PV1,2026-01-24,3629,,,,,,0,0,0
SS-002949-PV1,2026-01-24,3629,,,,,,0,0,0
SS-008708-PV1,2026-01-24,3629,,,,,,0,0,0
SS-004852-PV1,2026-01-24,3629,,,,,,0,0,0
SS-008710-PV1,2026-01-24,3629,,,,,,0,0,0
SS-008789-PV1,2026-01-24,3120,,,,,,0,0,0
SS-008790-PV1,2026-01-24,3120,2026-01-24,0.0,,0.012774238001124184,0.2476489378269791,0,0,1
SS-016204-PV1,2026-01-24,3120,2026-01-24,0.0,,0.039491795253032584,0.2476489378269791,0,0,1
SS-003693-PV1,2026-01-24,3120,,,,,,0,0,0
SS-004142-PV1,2026-01-24,3120,,,,,,0,0,0
SS-016206-PV1,2026-01-24,3120,2026-01-24,0.0,,0.008957444107994414,0.2476489378269791,0,0,1
SS-003691-PV1,2026-01-24,3120,,,,,,0,0,0
SS-016205-PV1,2026-01-24,3120,2026-01-24,0.0,,0.012774238001124184,0.2476489378269791,0,0,1
SS-003692-PV1,2026-01-24,3120,,,,,,0,0,0
SS-016207-PV1,2026-01-24,3120,,,,,,0,0,0
SS-019781-PV1,2026-01-31,5684,,,,,,0,0,0
SS-026558-PV1,2026-01-31,5684,,,,,,0,0,0
SS-019780-PV1,2026-01-31,5684,,,,,,0,0,0
SS-014716-PV1,2026-01-31,5684,,,,,,0,0,0
SS-012604-PV1,2026-01-31,5684,,,,,,0,0,0
SS-014715-PV1,2026-01-31,5684,,,,,,0,0,0
SS-012603-PV1,2026-01-31,5684,,,,,,0,0,0
SS-024172-PV1,2026-02-07,53,2026-02-07,0.0,,0.0625445776141865,0.17816945863938344,0,0,1
SS-023875-PV1,2026-02-07,53,2026-02-07,0.0,,0.016743050896629252,0.17816945863938344,0,0,1
SS-024436-PV1,2026-02-07,53,2026-02-07,0.0,,0.028193432576018564,0.17816945863938344,0,0,1
SS-020011-PV1,2026-02-07,53,,,,,,0,0,0
SS-030305-PV1,2026-02-07,53,2026-02-07,0.0,,0.04346060814853765,0.17816945863938344,0,0,1
SS-016333-PV1,2026-02-07,53,2026-02-07,0.0,,0.016743050896629252,0.17816945863938344,0,0,1
SS-009848-PV1,2026-01-17,566,2026-01-17,0.0,,0.011142717267139307,0.16259503843339354,0,0,1
SS-025895-PV1,2026-01-17,566,2026-01-17,1.0,0.0,0.014959511160269078,0.16259503843339354,0,1,0
SS-011618-PV1,2026-01-17,566,2026-01-17,0.0,,0.02259309894652862,0.16259503843339354,0,0,1
SS-025894-PV1,2026-01-17,566,2026-01-17,0.0,,0.014959511160269078,0.16259503843339354,0,0,1
SS-024359-PV1,2026-01-17,566,,,,,,0,0,0
SS-024360-PV1,2026-01-17,566,2026-01-17,0.0,,0.014959511160269078,0.16259503843339354,0,0,1
SS-006199-PV1,2026-01-17,566,2026-01-17,0.0,,0.011142717267139307,0.16259503843339354,0,0,1
SS-026228-PV1,2026-01-17,3639,,,,,,0,0,0
SS-028681-PV1,2026-01-17,3639,,,,,,0,0,0
SS-010359-PV1,2026-01-17,3639,,,,,,0,0,0
SS-010357-PV1,2026-01-17,3639,,,,,,0,0,0
SS-010358-PV1,2026-01-17,3639,,,,,,0,0,0
SS-006676-PV1,2026-01-31,3127,,,,,,0,0,0
SS-009006-PV1,2026-01-31,3127,,,,,,0,0,0
SS-019658-PV1,2026-01-31,3127,2026-01-31,0.0,,0.017731174412068684,0.2862327574623963,0,0,1
SS-006693-PV1,2026-01-31,3127,,,,,,0,0,0
SS-027478-PV1,2026-01-31,3127,,,,,,0,0,0
SS-006690-PV1,2026-01-31,3127,2026-01-31,0.0,,0.01009758662580914,0.2862327574623963,0,0,1
SS-027477-PV1,2026-01-31,3127,2026-01-31,0.0,,0.01009758662580914,0.2862327574623963,0,0,1
SS-006677-PV1,2026-01-31,3127,,,,,,0,0,0
SS-006678-PV1,2026-01-31,3127,2026-01-31,0.0,,0.010097586625809143,0.2862327574623963,0,0,1
SS-019894-PV1,2026-01-31,3127,,,,,,0,0,0
SS-012718-PV1,2026-01-24,57,,,,,,0,0,0
SS-017550-PV1,2026-01-24,57,2026-01-24,0.0,,0.012774238001124184,0.2476489378269791,0,0,1
SS-003039-PV1,2026-01-24,57,2026-01-24,0.0,,0.008957444107994414,0.2476489378269791,0,0,1
SS-003040-PV1,2026-01-24,57,,,,,,0,0,0
SS-018088-PV1,2026-01-31,5694,,,,,,0,0,0
SS-028409-PV1,2026-01-31,5694,,,,,,0,0,0
SS-011786-PV1,2026-01-31,5694,,,,,,0,0,0
SS-011785-PV1,2026-01-31,5694,,,,,,0,0,0
SS-018090-PV1,2026-01-31,5694,,,,,,0,0,0
SS-028389-PV1,2026-01-31,5694,,,,,,0,0,0
SS-028390-PV1,2026-01-31,5694,,,,,,0,0,0
SS-018087-PV1,2026-01-31,5694,,,,,,0,0,0
SS-012396-PV1,2026-01-10,1088,2026-01-10,0.0,,0.039757828507189355,0.19182440394473493,0,0,1
SS-026260-PV1,2026-01-10,1088,,,,,,0,0,0
SS-028231-PV1,2026-01-10,1088,,,,,,0,0,0
SS-025838-PV1,2026-01-10,1088,,,,,,0,0,0
SS-028230-PV1,2026-01-10,1088,2026-01-10,0.0,,0.009223477362151183,0.19182440394473493,0,0,1
SS-028232-PV1,2026-01-10,1088,2026-01-10,0.0,,0.016857065148410726,0.19182440394473493,0,0,1
SS-012609-PV1,2026-01-10,1088,,,,,,0,0,0
SS-012610-PV1,2026-01-10,1088,2026-01-10,0.0,,0.009223477362151183,0.19182440394473493,0,0,1
SS-011631-PV1,2026-01-10,3138,,,,,,0,0,0
SS-021686-PV1,2026-01-10,3138,2026-01-10,0.0,,0.009223477362151183,0.19182440394473493,0,0,1
SS-009858-PV1,2026-01-10,3138,,,,,,0,0,0
SS-011630-PV1,2026-01-10,3138,,,,,,0,0,0
SS-011632-PV1,2026-01-10,3138,2026-01-10,0.0,,0.009223477362151183,0.19182440394473493,0,0,1
SS-011628-PV1,2026-01-10,3138,,,,,,0,0,0
SS-004027-PV1,2026-01-10,3138,,,,,,0,0,0
SS-011629-PV1,2026-01-10,3138,,,,,,0,0,0
SS-015786-PV1,2026-01-17,3650,,,,,,0,0,0
SS-015805-PV1,2026-01-17,3650,2026-01-17,0.0,,0.011142717267139307,0.16259503843339354,0,0,1
SS-015785-PV1,2026-01-17,3650,2026-01-17,0.0,,0.011142717267139307,0.16259503843339354,0,0,1
SS-015846-PV1,2026-01-17,3650,2026-01-17,0.0,,0.011142717267139307,0.16259503843339354,0,0,1
SS-021138-PV1,2026-01-17,69,,,,,,0,0,0
SS-014687-PV1,2026-01-17,69,,,,,,0,0,0
SS-021137-PV1,2026-01-17,69,,,,,,0,0,0
SS-014690-PV1,2026-01-17,69,,,,,,0,0,0
SS-014689-PV1,2026-01-17,69,,,,,,0,0,0
SS-028584-PV1,2026-01-24,5701,,,,,,0,0,0
SS-028578-PV1,2026-01-24,5701,,,,,,0,0,0
SS-028575-PV1,2026-01-24,5701,,,,,,0,0,0
SS-008891-PV1,2026-01-24,5701,2026-01-24,0.0,,0.031858207466773036,0.2476489378269791,0,0,1
SS-028583-PV1,2026-01-24,5701,,,,,,0,0,0
SS-028585-PV1,2026-01-24,5701,,,,,,0,0,0
SS-008892-PV1,2026-01-24,5701,,,,,,0,0,0
SS-027329-PV1,2026-01-24,5701,,,,,,0,0,0
SS-028582-PV1,2026-01-24,5701,,,,,,0,0,0
SS-017674-PV1,2026-01-17,1100,,,,,,0,0,0
SS-008933-PV1,2026-01-17,1100,,,,,,0,0,0
SS-012241-PV1,2026-01-17,1100,2026-01-17,0.0,,0.014959511160269078,0.16259503843339354,0,0,1
SS-012242-PV1,2026-01-17,1100,,,,,,0,0,0
SS-017188-PV1,2026-01-17,1100,,,,,,0,0,0
SS-008910-PV1,2026-01-17,1100,,,,,,0,0,0
SS-023893-PV1,2026-01-17,83,,,,,,0,0,0
SS-023892-PV1,2026-01-17,83,,,,,,0,0,0
SS-005628-PV1,2026-01-17,83,,,,,,0,0,0
SS-005630-PV1,2026-01-17,83,,,,,,0,0,0
SS-027963-PV1,2026-01-17,83,,,,,,0,0,0
SS-023841-PV1,2026-01-17,83,,,,,,0,0,0
SS-005451-PV1,2026-01-17,83,,,,,,0,0,0
SS-023840-PV1,2026-01-17,83,,,,,,0,0,0
SS-021848-PV1,2026-01-10,601,,,,,,0,0,0
SS-025013-PV1,2026-01-10,601,2026-01-10,0.0,,0.013040271255280953,0.19182440394473493,0,0,1
SS-027753-PV1,2026-01-10,601,,,,,,0,0,0
SS-023599-PV1,2026-01-10,601,2026-01-10,0.0,,0.009223477362151183,0.19182440394473493,0,0,1
SS-025021-PV1,2026-01-10,601,,,,,,0,0,0
SS-025010-PV1,2026-01-10,601,,,,,,0,0,0
SS-025012-PV1,2026-01-10,601,,,,,,0,0,0
SS-031029-PV1,2026-01-10,601,,,,,,0,0,0
SS-006780-PV1,2026-01-10,601,,,,,,0,0,0
SS-025020-PV1,2026-01-10,601,,,,,,0,0,0
SS-025011-PV1,2026-01-10,601,,,,,,0,0,0
SS-018766-PV1,2026-01-24,1625,2026-01-24,0.0,,0.008957444107994414,0.2476489378269791,0,0,1
SS-013480-PV1,2026-01-24,1625,,,,,,0,0,0
SS-030277-PV1,2026-01-24,1625,2026-01-24,0.0,,0.012774238001124184,0.2476489378269791,0,0,1
SS-017805-PV1,2026-01-24,1625,,,,,,0,0,0
SS-030276-PV1,2026-01-24,1625,2026-01-24,0.0,,0.008957444107994414,0.2476489378269791,0,0,1
SS-001071-PV1,2026-01-24,1625,2026-01-24,0.0,,0.012774238001124184,0.2476489378269791,0,0,1
SS-018775-PV1,2026-01-24,1625,,,,,,0,0,0
SS-030275-PV1,2026-01-24,1625,,,,,,0,0,0
SS-005796-PV1,2026-01-17,3676,,,,,,0,0,0
SS-005678-PV1,2026-01-17,3676,,,,,,0,0,0
SS-007985-PV1,2026-01-17,3676,,,,,,0,0,0
SS-027000-PV1,2026-01-10,5221,2026-01-10,0.0,,0.009223477362151183,0.19182440394473493,0,0,1
SS-027001-PV1,2026-01-10,5221,2026-01-10,1.0,0.0,0.013040271255280955,0.19182440394473493,0,1,0
SS-026999-PV1,2026-01-10,5221,2026-01-10,0.0,,0.016857065148410726,0.19182440394473493,0,0,1
SS-008147-PV1,2026-01-10,5221,2026-01-10,0.0,,0.013040271255280953,0.19182440394473493,0,0,1
SS-008148-PV1,2026-01-10,5221,2026-01-10,0.0,,0.013040271255280955,0.19182440394473493,0,0,1
SS-008149-PV1,2026-01-10,5221,2026-01-10,0.0,,0.016857065148410726,0.19182440394473493,0,0,1
SS-008152-PV1,2026-01-10,5221,,,,,,0,0,0
SS-012282-PV1,2026-01-10,5221,2026-01-10,0.0,,0.013040271255280955,0.19182440394473493,0,0,1
SS-006750-PV1,2026-01-10,5221,2026-01-10,0.0,,0.05884179797283821,0.19182440394473493,0,0,1
SS-030370-PV1,2026-01-10,5741,2026-01-10,0.0,,0.03212424072092981,0.19182440394473493,0,0,1
SS-029206-PV1,2026-01-10,5741,2026-01-10,0.0,,0.03212424072092981,0.19182440394473493,0,0,1
SS-015289-PV1,2026-01-10,5741,2026-01-10,0.0,,0.020673859041540496,0.19182440394473493,0,0,1
SS-015286-PV1,2026-01-10,5741,2026-01-10,0.0,,0.009223477362151183,0.19182440394473493,0,0,1
SS-012105-PV1,2026-01-10,5741,2026-01-10,0.0,,0.039757828507189355,0.19182440394473493,0,0,1
SS-015288-PV1,2026-01-10,5741,,,,,,0,0,0
SS-021792-PV1,2026-01-10,5741,,,,,,0,0,0
SS-015287-PV1,2026-01-10,5741,2026-01-10,0.0,,0.016857065148410726,0.19182440394473493,0,0,1
SS-006699-PV1,2026-01-24,1136,,,,,,0,0,0
SS-026136-PV1,2026-01-24,1136,,,,,,0,0,0
SS-007372-PV1,2026-01-31,5745,2026-01-31,0.0,,0.017731174412068684,0.2862327574623963,0,0,1
SS-006710-PV1,2026-01-31,5745,,,,,,0,0,0
SS-011905-PV1,2026-01-31,5745,,,,,,0,0,0
SS-011906-PV1,2026-01-31,5745,2026-01-31,0.0,,0.01009758662580914,0.2862327574623963,0,0,1
SS-007370-PV1,2026-01-31,5745,2026-01-31,0.0,,0.01009758662580914,0.2862327574623963,0,0,1
SS-006712-PV1,2026-01-31,5745,2026-01-31,0.0,,0.013914380518938911,0.2862327574623963,0,0,1
SS-014738-PV1,2026-01-31,5745,2026-01-31,0.0,,0.01009758662580914,0.2862327574623963,0,0,1
SS-006711-PV1,2026-01-31,5745,,,,,,0,0,0
SS-023044-PV1,2026-01-31,1653,,,,,,0,0,0
SS-026587-PV1,2026-01-31,1653,2026-01-31,0.0,,0.03299834998458776,0.2862327574623963,0,0,1
SS-023045-PV1,2026-01-31,1653,,,,,,0,0,0
SS-027509-PV1,2026-01-31,1653,,,,,,0,0,0
SS-009090-PV1,2026-01-10,1655,,,,,,0,0,0
SS-004488-PV1,2026-01-10,1655,,,,,,0,0,0
SS-001692-PV1,2026-01-10,1655,,,,,,0,0,0
SS-026935-PV1,2026-01-10,1655,,,,,,0,0,0
SS-026933-PV1,2026-01-10,1655,,,,,,0,0,0
SS-009091-PV1,2026-01-10,1655,,,,,,0,0,0
SS-028276-PV1,2026-01-10,1655,,,,,,0,0,0
SS-026971-PV1,2026-01-10,1655,,,,,,0,0,0
SS-026934-PV1,2026-01-10,1655,,,,,,0,0,0
SS-014420-PV1,2026-01-10,1655,,,,,,0,0,0
SS-006741-PV1,2026-01-17,3191,,,,,,0,0,0
SS-012616-PV1,2026-01-17,3191,,,,,,0,0,0
SS-008355-PV1,2026-01-17,3191,,,,,,0,0,0
SS-025327-PV1,2026-01-17,3191,,,,,,0,0,0
SS-006739-PV1,2026-01-17,3191,,,,,,0,0,0
SS-012617-PV1,2026-01-17,3191,,,,,,0,0,0
SS-025326-PV1,2026-01-17,3191,,,,,,0,0,0
SS-025328-PV1,2026-01-17,3191,,,,,,0,0,0
SS-012618-PV1,2026-01-17,3191,,,,,,0,0,0
SS-023176-PV1,2026-01-10,5751,,,,,,0,0,0
SS-008290-PV1,2026-01-10,5751,,,,,,0,0,0
SS-017783-PV1,2026-01-10,2172,,,,,,0,0,0
SS-021847-PV1,2026-01-10,2172,,,,,,0,0,0
SS-014211-PV1,2026-01-10,2172,,,,,,0,0,0
SS-021750-PV1,2026-01-10,2172,,,,,,0,0,0
SS-006526-PV1,2026-01-10,2172,,,,,,0,0,0
SS-006529-PV1,2026-01-10,2172,,,,,,0,0,0
SS-006175-PV1,2026-01-10,3201,,,,,,0,0,0
SS-006169-PV1,2026-01-10,3201,,,,,,0,0,0
SS-006179-PV1,2026-01-10,3201,,,,,,0,0,0
SS-006176-PV1,2026-01-10,3201,,,,,,0,0,0
SS-006173-PV1,2026-01-10,3201,,,,,,0,0,0
SS-006174-PV1,2026-01-10,3201,,,,,,0,0,0
SS-006170-PV1,2026-01-10,3201,,,,,,0,0,0
SS-008316-PV1,2026-01-10,3201,,,,,,0,0,0
SS-006177-PV1,2026-01-10,3201,2026-01-10,0.0,,0.009223477362151183,0.19182440394473493,0,0,1
SS-006171-PV1,2026-01-10,3201,,,,,,0,0,0
SS-006178-PV1,2026-01-10,3201,,,,,,0,0,0
SS-004923-PV1,2026-01-10,5764,,,,,,0,0,0
SS-035532-PV1,2026-01-10,5764,,,,,,0,0,0
SS-017304-PV1,2026-01-10,5764,2026-01-10,0.0,,0.009223477362151183,0.19182440394473493,0,0,1
SS-022779-PV1,2026-01-10,5764,,,,,,0,0,0
SS-018736-PV1,2026-01-10,5764,,,,,,0,0,0
SS-023477-PV1,2026-01-10,5764,,,,,,0,0,0
SS-004922-PV1,2026-01-10,5764,,,,,,0,0,0
SS-001989-PV1,2026-01-24,5260,,,,,,0,0,0
SS-001991-PV1,2026-01-24,5260,,,,,,0,0,0
SS-004410-PV1,2026-01-24,5260,,,,,,0,0,0
SS-004409-PV1,2026-01-24,5260,2026-01-24,0.0,,0.008957444107994414,0.2476489378269791,0,0,1
SS-003145-PV1,2026-01-24,5260,,,,,,0,0,0
SS-003150-PV1,2026-01-24,5260,,,,,,0,0,0
SS-006245-PV1,2026-01-10,5263,2026-01-10,0.0,,0.013040271255280955,0.19182440394473493,0,0,1
SS-002230-PV1,2026-01-10,5263,,,,,,0,0,0
SS-013882-PV1,2026-01-10,5263,,,,,,0,0,0
SS-020852-PV1,2026-01-10,5263,,,,,,0,0,0
SS-010942-PV1,2026-01-10,5263,,,,,,0,0,0
SS-010941-PV1,2026-01-10,5263,,,,,,0,0,0
SS-002231-PV1,2026-01-10,5263,,,,,,0,0,0
SS-019075-PV1,2026-01-10,5263,,,,,,0,0,0
SS-027639-PV1,2026-01-31,5267,2026-01-31,0.0,,0.01009758662580914,0.2862327574623963,0,0,1
SS-027588-PV1,2026-01-31,5267,2026-01-31,0.0,,0.01009758662580914,0.2862327574623963,0,0,1
SS-027596-PV1,2026-01-31,5267,,,,,,0,0,0
SS-027640-PV1,2026-01-31,5267,2026-01-31,0.0,,0.03299834998458776,0.2862327574623963,0,0,1
SS-027638-PV1,2026-01-31,5267,,,,,,0,0,0
SS-023194-PV1,2026-01-31,2199,2026-01-31,0.0,,0.03681514387771753,0.2862327574623963,0,0,1
SS-006947-PV1,2026-01-31,2199,,,,,,0,0,0
SS-006949-PV1,2026-01-31,2199,,,,,,0,0,0
SS-006946-PV1,2026-01-31,2199,,,,,,0,0,0
SS-024740-PV1,2026-01-31,2199,,,,,,0,0,0
SS-023190-PV1,2026-01-31,2199,2026-01-31,0.0,,0.010097586625809143,0.2862327574623963,0,0,1
SS-006948-PV1,2026-01-31,2199,,,,,,0,0,0
SS-006945-PV1,2026-01-31,2199,,,,,,0,0,0
SS-016764-PV1,2026-01-31,2199,2026-01-31,0.0,,0.01009758662580914,0.2862327574623963,0,0,1
SS-023195-PV1,2026-01-31,2199,2026-01-31,0.0,,0.01009758662580914,0.2862327574623963,0,0,1
SS-004691-PV1,2026-01-31,5276,,,,,,0,0,0
SS-012681-PV1,2026-01-31,5276,2026-01-31,0.0,,0.013914380518938911,0.2862327574623963,0,0,1
SS-021062-PV1,2026-01-31,5276,2026-01-31,0.0,,0.017731174412068684,0.2862327574623963,0,0,1
SS-012682-PV1,2026-01-31,5276,,,,,,0,0,0
SS-020459-PV1,2026-01-31,5276,2026-01-31,0.0,,0.01009758662580914,0.2862327574623963,0,0,1
SS-022526-PV1,2026-01-31,5276,,,,,,0,0,0
SS-017863-PV1,2026-01-31,5276,,,,,,0,0,0
SS-004689-PV1,2026-01-31,5276,,,,,,0,0,0
SS-021061-PV1,2026-01-31,5276,,,,,,0,0,0
SS-004688-PV1,2026-01-31,5276,,,,,,0,0,0
SS-004690-PV1,2026-01-31,5276,,,,,,0,0,0
SS-017076-PV1,2026-01-10,2209,,,,,,0,0,0
SS-022861-PV1,2026-01-10,2209,2026-01-10,0.0,,0.009223477362151183,0.19182440394473493,0,0,1
SS-017077-PV1,2026-01-10,2209,,,,,,0,0,0
SS-017075-PV1,2026-01-10,2209,,,,,,0,0,0
SS-011117-PV1,2026-01-10,2209,,,,,,0,0,0
SS-006278-PV1,2026-01-10,2209,2026-01-10,0.0,,0.009223477362151183,0.19182440394473493,0,0,1
SS-011118-PV1,2026-01-10,2209,,,,,,0,0,0
SS-002760-PV1,2026-01-24,5794,2026-01-24,0.0,,0.024224619680513496,0.2476489378269791,0,0,1
SS-017657-PV1,2026-01-24,5794,,,,,,0,0,0
SS-002912-PV1,2026-01-24,5794,2026-01-24,0.0,,0.008957444107994414,0.2476489378269791,0,0,1
SS-010116-PV1,2026-01-31,3236,,,,,,0,0,0
SS-010115-PV1,2026-01-31,3236,,,,,,0,0,0
SS-010113-PV1,2026-01-31,3236,,,,,,0,0,0
SS-008697-PV1,2026-01-31,3236,,,,,,0,0,0
SS-008699-PV1,2026-01-31,3236,,,,,,0,0,0
SS-022094-PV1,2026-01-31,3236,,,,,,0,0,0
SS-008698-PV1,2026-01-31,3236,2026-01-31,0.0,,0.01009758662580914,0.2862327574623963,0,0,1
SS-022095-PV1,2026-01-31,3236,,,,,,0,0,0
SS-027736-PV1,2026-01-31,5285,,,,,,0,0,0
SS-027737-PV1,2026-01-31,5285,,,,,,0,0,0
SS-026284-PV1,2026-01-31,5285,,,,,,0,0,0
SS-027735-PV1,2026-01-31,5285,,,,,,0,0,0
SS-002952-PV1,2026-01-17,167,,,,,,0,0,0
SS-002951-PV1,2026-01-17,167,,,,,,0,0,0
SS-002954-PV1,2026-01-17,167,,,,,,0,0,0
SS-024168-PV1,2026-01-17,167,2026-01-17,0.0,,0.011142717267139307,0.16259503843339354,0,0,1
SS-024170-PV1,2026-01-17,167,,,,,,0,0,0
SS-004808-PV1,2026-01-17,167,,,,,,0,0,0
SS-024164-PV1,2026-01-17,167,2026-01-17,0.0,,0.03404348062591793,0.16259503843339354,0,0,1
SS-002953-PV1,2026-01-17,167,,,,,,0,0,0
SS-029099-PV1,2026-01-17,167,,,,,,0,0,0
SS-024166-PV1,2026-01-17,167,2026-01-17,0.0,,0.014959511160269078,0.16259503843339354,0,0,1
SS-015100-PV1,2026-01-31,5800,,,,,,0,0,0
SS-014634-PV1,2026-01-31,5800,,,,,,0,0,0
SS-022956-PV1,2026-01-31,5800,2026-01-31,0.0,,0.01009758662580914,0.2862327574623963,0,0,1
SS-022954-PV1,2026-01-31,5800,,,,,,0,0,0
SS-022955-PV1,2026-01-31,5800,2026-01-31,0.0,,0.025364762198328224,0.2862327574623963,0,0,1
SS-022953-PV1,2026-01-31,5800,,,,,,0,0,0
SS-014635-PV1,2026-01-31,5800,,,,,,0,0,0
SS-015099-PV1,2026-01-31,5800,,,,,,0,0,0
SS-023180-PV1,2026-01-17,5292,,,,,,0,0,0
SS-009783-PV1,2026-01-17,5292,,,,,,0,0,0
SS-021012-PV1,2026-01-17,5292,,,,,,0,0,0
SS-017638-PV1,2026-01-17,5292,,,,,,0,0,0
SS-003846-PV1,2026-01-17,5292,,,,,,0,0,0
SS-017640-PV1,2026-01-17,5292,,,,,,0,0,0
SS-023178-PV1,2026-01-17,5292,,,,,,0,0,0
SS-021011-PV1,2026-01-17,5292,,,,,,0,0,0
SS-023179-PV1,2026-01-17,5292,,,,,,0,0,0
SS-017639-PV1,2026-01-17,5292,2026-01-17,0.0,,0.011142717267139307,0.16259503843339354,0,0,1
SS-023177-PV1,2026-01-17,5292,,,,,,0,0,0
SS-002427-PV1,2026-01-24,3246,,,,,,0,0,0
SS-002425-PV1,2026-01-24,3246,,,,,,0,0,0
SS-001656-PV1,2026-01-24,3246,,,,,,0,0,0
SS-002426-PV1,2026-01-24,3246,,,,,,0,0,0
SS-002457-PV1,2026-01-24,3246,,,,,,0,0,0
SS-002189-PV1,2026-01-24,3246,,,,,,0,0,0
SS-001832-PV1,2026-01-24,3246,,,,,,0,0,0
SS-001833-PV1,2026-01-24,3246,,,,,,0,0,0
SS-012248-PV1,2026-01-17,5295,,,,,,0,0,0
SS-004271-PV1,2026-01-17,5295,2026-01-17,0.0,,0.018776305053398848,0.16259503843339354,0,0,1
SS-010172-PV1,2026-01-17,5295,2026-01-17,0.0,,0.014959511160269078,0.16259503843339354,0,0,1
SS-011306-PV1,2026-01-17,5295,,,,,,0,0,0
SS-009536-PV1,2026-01-17,5295,2026-01-17,0.0,,0.011142717267139307,0.16259503843339354,0,0,1
SS-004270-PV1,2026-01-17,5295,2026-01-17,0.0,,0.011142717267139307,0.16259503843339354,0,0,1
SS-030125-PV1,2026-01-10,3249,2026-01-10,0.0,,0.009223477362151183,0.19182440394473493,0,0,1
SS-015053-PV1,2026-01-10,3249,,,,,,0,0,0
SS-018052-PV1,2026-01-10,3249,,,,,,0,0,0
SS-030126-PV1,2026-01-10,3249,,,,,,0,0,0
SS-016322-PV1,2026-01-10,3249,2026-01-10,0.0,,0.009223477362151183,0.19182440394473493,0,0,1
SS-018034-PV1,2026-01-10,3249,2026-01-10,0.0,,0.009223477362151183,0.19182440394473493,0,0,1
SS-024217-PV1,2026-01-10,3249,,,,,,0,0,0
SS-018051-PV1,2026-01-10,3249,2026-01-10,0.0,,0.024490652934670266,0.19182440394473493,0,0,1
SS-018050-PV1,2026-01-10,3249,,,,,,0,0,0
SS-030127-PV1,2026-01-10,3249,2026-01-10,0.0,,0.009223477362151183,0.19182440394473493,0,0,1
SS-005895-PV1,2026-01-10,3249,2026-01-10,0.0,,0.07792576743848706,0.19182440394473493,0,0,1
SS-006932-PV1,2026-01-24,1715,,,,,,0,0,0
SS-007787-PV1,2026-01-24,1715,,,,,,0,0,0
SS-016812-PV1,2026-01-24,1715,2026-01-24,0.0,,0.008957444107994414,0.2476489378269791,0,0,1
SS-007788-PV1,2026-01-24,1715,2026-01-24,0.0,,0.008957444107994414,0.2476489378269791,0,0,1
SS-016052-PV1,2026-01-24,1715,2026-01-24,0.0,,0.012774238001124184,0.2476489378269791,0,0,1
SS-016053-PV1,2026-01-24,1715,2026-01-24,0.0,,0.016591031894253955,0.2476489378269791,0,0,1
SS-009629-PV1,2026-01-10,5302,,,,,,0,0,0
SS-027238-PV1,2026-01-10,5302,,,,,,0,0,0
SS-019557-PV1,2026-01-10,5302,,,,,,0,0,0
SS-027243-PV1,2026-01-10,5302,,,,,,0,0,0
SS-018649-PV1,2026-01-10,5302,,,,,,0,0,0
SS-018650-PV1,2026-01-10,5302,,,,,,0,0,0
SS-009600-PV1,2026-01-10,5302,,,,,,0,0,0
SS-016934-PV1,2026-01-10,5302,,,,,,0,0,0
SS-027709-PV1,2026-01-24,5304,,,,,,0,0,0
SS-015426-PV1,2026-01-24,5304,,,,,,0,0,0
SS-003934-PV1,2026-01-24,5304,,,,,,0,0,0
SS-003935-PV1,2026-01-24,5304,,,,,,0,0,0
SS-028332-PV1,2026-01-24,5304,,,,,,0,0,0
SS-011276-PV1,2026-01-24,5304,2026-01-24,0.0,,0.008957444107994414,0.2476489378269791,0,0,1
SS-028329-PV1,2026-01-24,5304,,,,,,0,0,0
SS-018397-PV1,2026-01-24,5304,,,,,,0,0,0
SS-028330-PV1,2026-01-24,5304,,,,,,0,0,0
SS-028331-PV1,2026-01-24,5304,,,,,,0,0,0
SS-005960-PV1,2026-01-31,5308,2026-01-31,0.0,,0.013914380518938911,0.2862327574623963,0,0,1
SS-006122-PV1,2026-01-31,5308,,,,,,0,0,0
SS-006120-PV1,2026-01-31,5308,,,,,,0,0,0
SS-005961-PV1,2026-01-31,5308,2026-01-31,0.0,,0.013914380518938911,0.2862327574623963,0,0,1
SS-019237-PV1,2026-01-31,5308,2026-01-31,0.0,,0.021547968305198454,0.2862327574623963,0,0,1
SS-005962-PV1,2026-01-31,5308,2026-01-31,0.0,,0.017731174412068684,0.2862327574623963,0,0,1
SS-005963-PV1,2026-01-31,5308,2026-01-31,0.0,,0.01009758662580914,0.2862327574623963,0,0,1
SS-001399-PV1,2026-01-17,5312,,,,,,0,0,0
SS-025238-PV1,2026-01-17,5312,2026-01-17,0.0,,0.011142717267139307,0.16259503843339354,0,0,1
SS-001748-PV1,2026-01-17,5312,,,,,,0,0,0
SS-003910-PV1,2026-02-07,3265,,,,,,0,0,0
SS-008856-PV1,2026-02-07,3265,,,,,,0,0,0
SS-008858-PV1,2026-02-07,3265,2026-02-07,0.0,,0.016743050896629252,0.17816945863938344,0,0,1
SS-009170-PV1,2026-02-07,3265,2026-02-07,0.0,,0.016743050896629252,0.17816945863938344,0,0,1
SS-008859-PV1,2026-02-07,3265,,,,,,0,0,0
SS-009178-PV1,2026-02-07,3265,2026-02-07,0.0,,0.04346060814853765,0.17816945863938344,0,0,1
SS-008857-PV1,2026-02-07,3265,2026-02-07,0.0,,0.00910946311036971,0.17816945863938344,0,0,1
SS-009172-PV1,2026-02-07,3265,2026-02-07,0.0,,0.012926257003499482,0.17816945863938344,0,0,1
SS-007433-PV1,2026-02-07,3265,,,,,,0,0,0
SS-022107-PV1,2026-02-07,3265,2026-02-07,0.0,,0.00910946311036971,0.17816945863938344,0,0,1
SS-005608-PV1,2026-01-24,194,,,,,,0,0,0
SS-012295-PV1,2026-01-24,194,2026-01-24,0.0,,0.012774238001124184,0.2476489378269791,0,0,1
SS-005607-PV1,2026-01-24,194,,,,,,0,0,0
SS-021856-PV1,2026-01-24,707,,,,,,0,0,0
SS-021855-PV1,2026-01-24,707,,,,,,0,0,0
SS-025325-PV1,2026-01-24,707,,,,,,0,0,0
SS-025324-PV1,2026-01-24,707,,,,,,0,0,0
SS-012849-PV1,2026-01-24,707,,,,,,0,0,0
SS-023640-PV1,2026-01-24,707,,,,,,0,0,0
SS-010344-PV1,2026-02-07,192,2026-02-07,0.0,,0.028193432576018564,0.17816945863938344,0,0,1
SS-025852-PV1,2026-02-07,192,2026-02-07,0.0,,0.032010226469148334,0.17816945863938344,0,0,1
SS-025853-PV1,2026-02-07,192,2026-02-07,0.0,,0.04727740204166742,0.17816945863938344,0,0,1
SS-024435-PV1,2026-02-07,192,2026-02-07,0.0,,0.0625445776141865,0.17816945863938344,0,0,1
SS-017344-PV1,2026-02-07,1222,,,,,,0,0,0
SS-017343-PV1,2026-02-07,1222,2026-02-07,0.0,,0.016743050896629252,0.17816945863938344,0,0,1
SS-003537-PV1,2026-02-07,1222,2026-02-07,0.0,,0.035827020362278104,0.17816945863938344,0,0,1
SS-012026-PV1,2026-02-07,1222,2026-02-07,0.0,,0.012926257003499482,0.17816945863938344,0,0,1
SS-012006-PV1,2026-02-07,1222,2026-02-07,0.0,,0.00910946311036971,0.17816945863938344,0,0,1
SS-004511-PV1,2026-02-07,1222,2026-02-07,0.0,,0.020559844789759023,0.17816945863938344,0,0,1
SS-007338-PV1,2026-02-07,711,,,,,,0,0,0
SS-007339-PV1,2026-02-07,711,,,,,,0,0,0
SS-005793-PV1,2026-02-07,711,,,,,,0,0,0
SS-005794-PV1,2026-02-07,711,,,,,,0,0,0
SS-005792-PV1,2026-02-07,711,,,,,,0,0,0
SS-001596-PV1,2026-01-10,2249,,,,,,0,0,0
SS-028502-PV1,2026-01-10,2249,,,,,,0,0,0
SS-005565-PV1,2026-01-10,2249,,,,,,0,0,0
SS-030911-PV1,2026-01-10,2249,,,,,,0,0,0
SS-030912-PV1,2026-01-10,2249,,,,,,0,0,0
SS-030914-PV1,2026-01-10,2249,,,,,,0,0,0
SS-030915-PV1,2026-01-10,2249,,,,,,0,0,0
SS-030995-PV1,2026-01-10,2249,,,,,,0,0,0
SS-026123-PV1,2026-01-17,720,,,,,,0,0,0
SS-026122-PV1,2026-01-17,720,,,,,,0,0,0
SS-003622-PV1,2026-01-17,720,,,,,,0,0,0
SS-002157-PV1,2026-01-17,720,,,,,,0,0,0
SS-020828-PV1,2026-01-17,720,,,,,,0,0,0
SS-026121-PV1,2026-01-17,720,,,,,,0,0,0
SS-026120-PV1,2026-01-17,720,,,,,,0,0,0
SS-020825-PV1,2026-01-17,720,,,,,,0,0,0
SS-020545-PV1,2026-01-31,5335,2026-01-31,0.0,,0.01009758662580914,0.2862327574623963,0,0,1
SS-021170-PV1,2026-01-31,5335,,,,,,0,0,0
SS-001834-PV1,2026-01-31,5335,,,,,,0,0,0
SS-022484-PV1,2026-01-31,5335,2026-01-31,0.0,,0.013914380518938911,0.2862327574623963,0,0,1
SS-009882-PV1,2026-01-31,5335,,,,,,0,0,0
SS-026626-PV1,2026-01-31,5335,,,,,,0,0,0
SS-022659-PV1,2026-01-31,5335,,,,,,0,0,0
SS-001835-PV1,2026-01-31,5335,,,,,,0,0,0
SS-002243-PV1,2026-01-31,5335,2026-01-31,0.0,,0.04063193777084731,0.2862327574623963,0,0,1
SS-021169-PV1,2026-01-31,5335,,,,,,0,0,0
SS-002244-PV1,2026-01-31,5335,2026-01-31,0.0,,0.01009758662580914,0.2862327574623963,0,0,1
SS-022658-PV1,2026-01-31,5335,,,,,,0,0,0
SS-021296-PV1,2026-01-31,5335,2026-01-31,0.0,,0.01009758662580914,0.2862327574623963,0,0,1
SS-001838-PV1,2026-01-31,5335,,,,,,0,0,0
SS-026625-PV1,2026-01-31,5335,,,,,,0,0,0
SS-010849-PV1,2026-01-10,5338,,,,,,0,0,0
SS-003036-PV1,2026-01-10,5338,2026-01-10,0.0,,0.013040271255280955,0.19182440394473493,0,0,1
SS-003037-PV1,2026-01-10,5338,,,,,,0,0,0
SS-025788-PV1,2026-01-10,5338,,,,,,0,0,0
SS-014456-PV1,2026-01-10,5338,,,,,,0,0,0
SS-010857-PV1,2026-01-10,5338,2026-01-10,0.0,,0.009223477362151183,0.19182440394473493,0,0,1
SS-016568-PV1,2026-01-10,5338,2026-01-10,0.0,,0.020673859041540496,0.19182440394473493,0,0,1
SS-010858-PV1,2026-01-10,5338,2026-01-10,0.0,,0.009223477362151183,0.19182440394473493,0,0,1
SS-014463-PV1,2026-01-10,5338,,,,,,0,0,0
SS-002720-PV1,2026-01-24,3293,,,,,,0,0,0
SS-026335-PV1,2026-01-24,3293,2026-01-24,0.0,,0.012774238001124184,0.2476489378269791,0,0,1
SS-028730-PV1,2026-01-24,3293,,,,,,0,0,0
SS-015973-PV1,2026-01-24,3293,,,,,,0,0,0
SS-002722-PV1,2026-01-24,3293,,,,,,0,0,0
SS-015995-PV1,2026-01-24,3293,,,,,,0,0,0
SS-023835-PV1,2026-01-24,734,2026-01-24,0.0,,0.012774238001124184,0.2476489378269791,0,0,1
SS-023836-PV1,2026-01-24,734,2026-01-24,0.0,,0.008957444107994414,0.2476489378269791,0,0,1
SS-010393-PV1,2026-01-24,734,,,,,,0,0,0
SS-023834-PV1,2026-01-24,734,2026-01-24,0.0,,0.020407825787383725,0.2476489378269791,0,0,1
SS-008354-PV1,2026-01-24,734,,,,,,0,0,0
SS-023833-PV1,2026-01-24,734,,,,,,0,0,0
SS-010394-PV1,2026-01-24,734,,,,,,0,0,0
SS-020728-PV1,2026-01-24,5854,,,,,,0,0,0
SS-021282-PV1,2026-01-24,5854,2026-01-24,0.0,,0.008957444107994414,0.2476489378269791,0,0,1
SS-021283-PV1,2026-01-24,5854,,,,,,0,0,0
SS-016402-PV1,2026-01-24,5348,2026-01-24,0.0,,0.012774238001124184,0.2476489378269791,0,0,1
SS-021088-PV1,2026-01-24,5348,2026-01-24,0.0,,0.008957444107994414,0.2476489378269791,0,0,1
SS-022992-PV1,2026-01-24,5348,,,,,,0,0,0
SS-016426-PV1,2026-01-24,5348,,,,,,0,0,0
SS-016403-PV1,2026-01-24,5348,2026-01-24,0.0,,0.012774238001124184,0.2476489378269791,0,0,1
SS-016401-PV1,2026-01-24,5348,2026-01-24,0.0,,0.008957444107994414,0.2476489378269791,0,0,1
SS-016404-PV1,2026-01-24,5348,2026-01-24,0.0,,0.012774238001124184,0.2476489378269791,0,0,1
SS-015812-PV1,2026-01-31,2277,2026-01-31,0.0,,0.01009758662580914,0.2862327574623963,0,0,1
SS-015806-PV1,2026-01-31,2277,2026-01-31,0.0,,0.017731174412068684,0.2862327574623963,0,0,1
SS-015784-PV1,2026-01-31,2277,2026-01-31,0.0,,0.01009758662580914,0.2862327574623963,0,0,1
SS-015811-PV1,2026-01-31,2277,2026-01-31,0.0,,0.04444873166397708,0.2862327574623963,0,0,1
SS-007053-PV1,2026-01-10,742,,,,,,0,0,0
SS-010194-PV1,2026-01-10,742,,,,,,0,0,0
SS-025332-PV1,2026-01-10,742,2026-01-10,0.0,,0.009223477362151183,0.19182440394473493,0,0,1
SS-010195-PV1,2026-01-10,742,,,,,,0,0,0
SS-007050-PV1,2026-01-10,742,2026-01-10,0.0,,0.009223477362151183,0.19182440394473493,0,0,1
SS-010192-PV1,2026-01-10,742,,,,,,0,0,0
SS-026926-PV1,2026-01-10,742,,,,,,0,0,0
SS-010193-PV1,2026-01-10,742,,,,,,0,0,0
SS-010196-PV1,2026-01-10,742,,,,,,0,0,0
SS-003972-PV1,2026-01-10,742,,,,,,0,0,0
SS-007054-PV1,2026-01-10,742,,,,,,0,0,0
SS-005949-PV1,2026-01-31,231,,,,,,0,0,0
SS-005951-PV1,2026-01-31,231,,,,,,0,0,0
SS-005947-PV1,2026-01-31,231,,,,,,0,0,0
SS-005948-PV1,2026-01-31,231,,,,,,0,0,0
SS-005950-PV1,2026-01-31,231,,,,,,0,0,0
SS-005952-PV1,2026-01-31,231,,,,,,0,0,0
SS-018982-PV1,2026-01-31,5877,2026-01-31,0.0,,0.01009758662580914,0.2862327574623963,0,0,1
SS-011975-PV1,2026-01-31,5877,,,,,,0,0,0
SS-018981-PV1,2026-01-31,5877,2026-01-31,0.0,,0.01009758662580914,0.2862327574623963,0,0,1
SS-015455-PV1,2026-01-31,5877,,,,,,0,0,0
SS-011976-PV1,2026-01-31,5877,,,,,,0,0,0
SS-002726-PV1,2026-02-07,3323,,,,,,0,0,0
SS-019549-PV1,2026-02-07,3323,,,,,,0,0,0
SS-021231-PV1,2026-02-07,3323,,,,,,0,0,0
SS-019559-PV1,2026-02-07,3323,,,,,,0,0,0
SS-002724-PV1,2026-02-07,3323,,,,,,0,0,0
SS-027245-PV1,2026-02-07,3323,,,,,,0,0,0
SS-009602-PV1,2026-02-07,3323,,,,,,0,0,0
SS-022944-PV1,2026-01-24,3324,,,,,,0,0,0
SS-026450-PV1,2026-01-24,3324,,,,,,0,0,0
SS-011000-PV1,2026-01-24,3324,2026-01-24,0.0,,0.008957444107994414,0.2476489378269791,0,0,1
SS-011001-PV1,2026-01-24,3324,,,,,,0,0,0
SS-000797-PV1,2026-01-24,3324,2026-01-24,0.0,,0.008957444107994414,0.2476489378269791,0,0,1
SS-010999-PV1,2026-01-24,3324,,,,,,0,0,0
SS-021074-PV1,2026-01-24,3324,,,,,,0,0,0
SS-000798-PV1,2026-01-24,3324,2026-01-24,0.0,,0.008957444107994414,0.2476489378269791,0,0,1
SS-019811-PV1,2026-01-31,5896,,,,,,0,0,0
SS-010478-PV1,2026-01-31,5896,2026-01-31,0.0,,0.029181556091457995,0.2862327574623963,0,0,1
SS-019810-PV1,2026-01-31,5896,,,,,,0,0,0
SS-019812-PV1,2026-01-31,5896,,,,,,0,0,0
SS-019813-PV1,2026-01-31,5896,2026-01-31,0.0,,0.01009758662580914,0.2862327574623963,0,0,1
SS-019821-PV1,2026-01-31,5896,,,,,,0,0,0
SS-008893-PV1,2026-01-31,5896,,,,,,0,0,0
SS-019799-PV1,2026-01-31,5896,,,,,,0,0,0
SS-010277-PV1,2026-01-31,5896,2026-01-31,0.0,,0.017731174412068684,0.2862327574623963,0,0,1
SS-023586-PV1,2026-01-31,5384,2026-01-31,0.0,,0.01009758662580914,0.2862327574623963,0,0,1
SS-019899-PV1,2026-01-31,5384,,,,,,0,0,0
SS-023419-PV1,2026-01-31,5384,,,,,,0,0,0
SS-020831-PV1,2026-01-31,5384,,,,,,0,0,0
SS-023584-PV1,2026-01-31,5384,2026-01-31,0.0,,0.01009758662580914,0.2862327574623963,0,0,1
SS-017833-PV1,2026-01-31,5384,,,,,,0,0,0
SS-019900-PV1,2026-01-31,5384,,,,,,0,0,0
SS-022473-PV1,2026-01-31,5384,,,,,,0,0,0
SS-023585-PV1,2026-01-31,5384,2026-01-31,0.0,,0.01391438051893891,0.2862327574623963,0,0,1
SS-024047-PV1,2026-01-31,5384,,,,,,0,0,0
SS-024041-PV1,2026-01-31,5384,,,,,,0,0,0
SS-023583-PV1,2026-01-31,5384,,,,,,0,0,0
SS-020832-PV1,2026-01-31,5384,2026-01-31,0.0,,0.03299834998458776,0.2862327574623963,0,0,1
SS-022474-PV1,2026-01-31,5384,,,,,,0,0,0
SS-024042-PV1,2026-01-31,5384,,,,,,0,0,0
SS-023983-PV1,2026-01-31,5384,2026-01-31,0.0,,0.021547968305198454,0.2862327574623963,0,0,1
SS-019901-PV1,2026-01-31,5384,,,,,,0,0,0
SS-023988-PV1,2026-01-31,5384,2026-01-31,0.0,,0.010097586625809143,0.2862327574623963,0,0,1
SS-019784-PV1,2026-01-31,1288,,,,,,0,0,0
SS-016694-PV1,2026-01-31,1288,,,,,,0,0,0
SS-017820-PV1,2026-01-31,1288,,,,,,0,0,0
SS-016695-PV1,2026-01-31,1288,,,,,,0,0,0
SS-017819-PV1,2026-01-31,1288,,,,,,0,0,0
SS-019783-PV1,2026-01-31,1288,,,,,,0,0,0
SS-006912-PV1,2026-01-31,1288,,,,,,0,0,0
SS-022288-PV1,2026-01-31,1288,,,,,,0,0,0
SS-017821-PV1,2026-01-31,1288,,,,,,0,0,0
SS-019785-PV1,2026-01-31,1288,,,,,,0,0,0
SS-013172-PV1,2026-02-07,5899,,,,,,0,0,0
SS-013173-PV1,2026-02-07,5899,,,,,,0,0,0
SS-009868-PV1,2026-02-07,5899,2026-02-07,0.0,,0.00910946311036971,0.17816945863938344,0,0,1
SS-013178-PV1,2026-02-07,5899,,,,,,0,0,0
SS-019540-PV1,2026-02-07,5899,2026-02-07,0.0,,0.00910946311036971,0.17816945863938344,0,0,1
SS-002391-PV1,2026-02-07,5899,2026-02-07,0.0,,0.00910946311036971,0.17816945863938344,0,0,1
SS-021354-PV1,2026-01-31,5388,,,,,,0,0,0
SS-027597-PV1,2026-01-31,5388,,,,,,0,0,0
SS-021355-PV1,2026-01-31,5388,,,,,,0,0,0
SS-027674-PV1,2026-01-31,5388,2026-01-31,0.0,,0.01009758662580914,0.2862327574623963,0,0,1
SS-021353-PV1,2026-01-31,5388,,,,,,0,0,0
SS-027672-PV1,2026-01-31,5388,2026-01-31,0.0,,0.01009758662580914,0.2862327574623963,0,0,1
SS-021359-PV1,2026-01-31,5388,,,,,,0,0,0
SS-016266-PV1,2026-01-17,1293,2026-01-17,0.0,,0.018776305053398848,0.16259503843339354,0,0,1
SS-002557-PV1,2026-01-17,1293,2026-01-17,0.0,,0.011142717267139307,0.16259503843339354,0,0,1
SS-005329-PV1,2026-01-17,1293,,,,,,0,0,0
SS-009199-PV1,2026-01-17,1293,2026-01-17,0.0,,0.011142717267139307,0.16259503843339354,0,0,1
SS-009200-PV1,2026-01-17,1293,,,,,,0,0,0
SS-002558-PV1,2026-01-17,1293,,,,,,0,0,0
SS-009198-PV1,2026-01-17,1293,,,,,,0,0,0
SS-016271-PV1,2026-01-17,1293,,,,,,0,0,0
SS-003666-PV1,2026-01-17,1293,2026-01-17,0.0,,0.011142717267139307,0.16259503843339354,0,0,1
SS-019267-PV1,2026-01-24,269,,,,,,0,0,0
SS-019261-PV1,2026-01-24,269,,,,,,0,0,0
SS-019258-PV1,2026-01-24,269,,,,,,0,0,0
SS-019262-PV1,2026-01-24,269,,,,,,0,0,0
SS-019233-PV1,2026-01-24,269,,,,,,0,0,0
SS-019260-PV1,2026-01-24,269,,,,,,0,0,0
SS-019264-PV1,2026-01-24,269,,,,,,0,0,0
SS-015427-PV1,2026-01-17,5903,,,,,,0,0,0
SS-011278-PV1,2026-01-17,5903,,,,,,0,0,0
SS-003826-PV1,2026-01-17,5903,2026-01-17,0.0,,0.011142717267139309,0.16259503843339354,0,0,1
SS-005716-PV1,2026-01-17,5903,,,,,,0,0,0
SS-003936-PV1,2026-01-17,5903,,,,,,0,0,0
SS-005715-PV1,2026-01-17,5903,,,,,,0,0,0
SS-003827-PV1,2026-01-17,5903,2026-01-17,0.0,,0.014959511160269078,0.16259503843339354,0,0,1
SS-015428-PV1,2026-01-17,5903,,,,,,0,0,0
SS-013612-PV1,2026-01-24,5394,,,,,,0,0,0
SS-013611-PV1,2026-01-24,5394,,,,,,0,0,0
SS-008843-PV1,2026-01-24,5394,,,,,,0,0,0
SS-008844-PV1,2026-01-24,5394,,,,,,0,0,0
SS-017230-PV1,2026-01-24,5394,,,,,,0,0,0
SS-010185-PV1,2026-01-24,5394,,,,,,0,0,0
SS-017231-PV1,2026-01-24,5394,,,,,,0,0,0
SS-031198-PV1,2026-01-24,5909,,,,,,0,0,0
SS-031332-PV1,2026-01-24,5909,,,,,,0,0,0
SS-031191-PV1,2026-01-24,5909,,,,,,0,0,0
SS-031193-PV1,2026-01-24,5909,,,,,,0,0,0
SS-031194-PV1,2026-01-24,5909,,,,,,0,0,0
SS-031196-PV1,2026-01-24,5909,,,,,,0,0,0
SS-031192-PV1,2026-01-24,5909,,,,,,0,0,0
SS-022378-PV1,2026-01-17,5910,2026-01-17,0.0,,0.011142717267139307,0.16259503843339354,0,0,1
SS-028266-PV1,2026-01-17,5910,2026-01-17,0.0,,0.0645778317709561,0.16259503843339354,0,0,1
SS-006568-PV1,2026-01-17,5910,2026-01-17,0.0,,0.011142717267139307,0.16259503843339354,0,0,1
SS-004273-PV1,2026-01-17,5910,2026-01-17,0.0,,0.014959511160269078,0.16259503843339354,0,0,1
SS-028265-PV1,2026-01-17,5910,,,,,,0,0,0
SS-019126-PV1,2026-01-17,5910,2026-01-17,0.0,,0.011142717267139307,0.16259503843339354,0,0,1
SS-019125-PV1,2026-01-17,5910,2026-01-17,0.0,,0.018776305053398848,0.16259503843339354,0,0,1
SS-014590-PV1,2026-01-31,5398,,,,,,0,0,0
SS-007179-PV1,2026-01-31,5398,,,,,,0,0,0
SS-011960-PV1,2026-01-31,5398,,,,,,0,0,0
SS-007178-PV1,2026-01-31,5398,,,,,,0,0,0
SS-014589-PV1,2026-01-31,5398,,,,,,0,0,0
SS-014591-PV1,2026-01-31,5398,,,,,,0,0,0
SS-022275-PV1,2026-01-31,5399,,,,,,0,0,0
SS-024825-PV1,2026-01-31,5399,,,,,,0,0,0
SS-016815-PV1,2026-01-31,5399,,,,,,0,0,0
SS-016814-PV1,2026-01-31,5399,,,,,,0,0,0
SS-022277-PV1,2026-01-31,5399,,,,,,0,0,0
SS-024823-PV1,2026-01-31,5399,,,,,,0,0,0
SS-016816-PV1,2026-01-31,5399,,,,,,0,0,0
SS-022276-PV1,2026-01-31,5399,,,,,,0,0,0
SS-004308-PV1,2026-01-31,5399,,,,,,0,0,0
SS-016817-PV1,2026-01-31,5399,,,,,,0,0,0
SS-026901-PV1,2026-01-24,3355,2026-01-24,0.0,,0.008957444107994414,0.2476489378269791,0,0,1
SS-028187-PV1,2026-01-24,3355,,,,,,0,0,0
SS-022855-PV1,2026-01-24,3355,,,,,,0,0,0
SS-014240-PV1,2026-01-24,3355,2026-01-24,0.0,,0.008957444107994414,0.2476489378269791,0,0,1
SS-014241-PV1,2026-01-24,3355,,,,,,0,0,0
SS-008104-PV1,2026-01-24,3355,2026-01-24,0.0,,0.012774238001124184,0.2476489378269791,0,0,1
SS-023270-PV1,2026-01-24,3355,2026-01-24,0.0,,0.008957444107994414,0.2476489378269791,0,0,1
SS-029525-PV1,2026-01-17,5418,,,,,,0,0,0
SS-029526-PV1,2026-01-17,5418,,,,,,0,0,0
SS-019884-PV1,2026-01-17,5418,,,,,,0,0,0
SS-015019-PV1,2026-01-17,5418,2026-01-17,0.0,,0.011142717267139307,0.16259503843339354,0,0,1
SS-019883-PV1,2026-01-17,5418,,,,,,0,0,0
SS-029527-PV1,2026-01-17,5418,,,,,,0,0,0
SS-015018-PV1,2026-01-17,5418,,,,,,0,0,0
SS-019287-PV1,2026-01-10,299,2026-01-10,0.0,,0.013040271255280955,0.19182440394473493,0,0,1
SS-019292-PV1,2026-01-10,299,,,,,,0,0,0
SS-019277-PV1,2026-01-10,299,2026-01-10,0.0,,0.013040271255280955,0.19182440394473493,0,0,1
SS-019278-PV1,2026-01-10,299,2026-01-10,0.0,,0.009223477362151183,0.19182440394473493,0,0,1
SS-019291-PV1,2026-01-10,299,,,,,,0,0,0
SS-012654-PV1,2026-01-10,813,2026-01-10,0.0,,0.06647538575909775,0.19182440394473493,0,0,1
SS-007931-PV1,2026-01-10,813,2026-01-10,0.0,,0.020673859041540496,0.19182440394473493,0,0,1
SS-012650-PV1,2026-01-10,813,2026-01-10,0.0,,0.020673859041540496,0.19182440394473493,0,0,1
SS-012649-PV1,2026-01-10,813,,,,,,0,0,0
SS-012648-PV1,2026-01-10,813,2026-01-10,0.0,,0.009223477362151183,0.19182440394473493,0,0,1
SS-004477-PV1,2026-01-10,5424,,,,,,0,0,0
SS-017024-PV1,2026-01-10,5424,,,,,,0,0,0
SS-013731-PV1,2026-01-10,5424,,,,,,0,0,0
SS-023307-PV1,2026-01-10,5424,,,,,,0,0,0
SS-013730-PV1,2026-01-10,5424,,,,,,0,0,0
SS-013734-PV1,2026-01-10,5424,,,,,,0,0,0
SS-013732-PV1,2026-01-10,5424,,,,,,0,0,0
SS-007037-PV1,2026-01-10,5424,,,,,,0,0,0
SS-008641-PV1,2026-01-31,2353,2026-01-31,0.0,,0.01009758662580914,0.2862327574623963,0,0,1
SS-030349-PV1,2026-01-31,2353,,,,,,0,0,0
SS-028263-PV1,2026-01-31,2353,,,,,,0,0,0
SS-008642-PV1,2026-01-31,2353,,,,,,0,0,0
SS-008874-PV1,2026-01-31,2353,,,,,,0,0,0
SS-030237-PV1,2026-01-31,2353,2026-01-31,0.0,,0.01009758662580914,0.2862327574623963,0,0,1
SS-013432-PV1,2026-01-31,3378,,,,,,0,0,0
SS-013180-PV1,2026-01-31,3378,,,,,,0,0,0
SS-013183-PV1,2026-01-31,3378,2026-01-31,0.0,,0.01009758662580914,0.2862327574623963,0,0,1
SS-011779-PV1,2026-01-31,3378,,,,,,0,0,0
SS-011778-PV1,2026-01-31,3378,,,,,,0,0,0
SS-029114-PV1,2026-01-31,3378,,,,,,0,0,0
SS-029199-PV1,2026-01-24,821,,,,,,0,0,0
SS-005478-PV1,2026-01-24,821,2026-01-24,0.0,,0.008957444107994414,0.2476489378269791,0,0,1
SS-026288-PV1,2026-01-24,821,,,,,,0,0,0
SS-029196-PV1,2026-01-24,821,,,,,,0,0,0
SS-029195-PV1,2026-01-24,821,2026-01-24,0.0,,0.008957444107994414,0.2476489378269791,0,0,1
SS-029198-PV1,2026-01-24,821,,,,,,0,0,0
SS-026291-PV1,2026-01-24,821,,,,,,0,0,0
SS-029197-PV1,2026-01-24,821,,,,,,0,0,0
SS-026643-PV1,2026-01-24,821,2026-01-24,0.0,,0.008957444107994414,0.2476489378269791,0,0,1
SS-018985-PV1,2026-01-31,1338,,,,,,0,0,0
SS-026085-PV1,2026-01-31,1338,,,,,,0,0,0
SS-028725-PV1,2026-01-31,1338,2026-01-31,0.0,,0.01009758662580914,0.2862327574623963,0,0,1
SS-028726-PV1,2026-01-31,1338,,,,,,0,0,0
SS-011398-PV1,2026-01-31,1338,,,,,,0,0,0
SS-011394-PV1,2026-01-31,1338,,,,,,0,0,0
SS-018984-PV1,2026-01-31,1338,,,,,,0,0,0
SS-018986-PV1,2026-01-31,1338,2026-01-31,0.0,,0.013914380518938911,0.2862327574623963,0,0,1
SS-003665-PV1,2026-01-10,3390,2026-01-10,0.0,,0.016857065148410726,0.19182440394473493,0,0,1
SS-007470-PV1,2026-01-10,3390,2026-01-10,0.0,,0.024490652934670266,0.19182440394473493,0,0,1
SS-003663-PV1,2026-01-10,3390,2026-01-10,0.0,,0.009223477362151183,0.19182440394473493,0,0,1
SS-007468-PV1,2026-01-10,3390,2026-01-10,0.0,,0.009223477362151183,0.19182440394473493,0,0,1
SS-007469-PV1,2026-01-10,3390,2026-01-10,0.0,,0.009223477362151183,0.19182440394473493,0,0,1
SS-011153-PV1,2026-01-10,3390,2026-01-10,0.0,,0.016857065148410726,0.19182440394473493,0,0,1
SS-007473-PV1,2026-01-10,3390,,,,,,0,0,0
SS-003664-PV1,2026-01-10,3390,2026-01-10,0.0,,0.043574622400319125,0.19182440394473493,0,0,1
SS-012152-PV1,2026-01-17,5950,2026-01-17,0.0,,0.014959511160269078,0.16259503843339354,0,0,1
SS-012884-PV1,2026-01-17,5950,,,,,,0,0,0
SS-012883-PV1,2026-01-17,5950,,,,,,0,0,0
SS-016746-PV1,2026-01-17,5950,2026-01-17,0.0,,0.02640989283965839,0.16259503843339354,0,0,1
SS-024125-PV1,2026-01-17,5950,2026-01-17,0.0,,0.018776305053398848,0.16259503843339354,0,0,1
SS-016745-PV1,2026-01-17,5950,2026-01-17,0.0,,0.011142717267139307,0.16259503843339354,0,0,1
SS-020538-PV1,2026-01-17,5950,2026-01-17,0.0,,0.018776305053398848,0.16259503843339354,0,0,1
SS-022957-PV1,2026-01-31,5957,2026-01-31,0.0,,0.01009758662580914,0.2862327574623963,0,0,1
SS-010686-PV1,2026-01-31,5957,,,,,,0,0,0
SS-022959-PV1,2026-01-31,5957,,,,,,0,0,0
SS-022960-PV1,2026-01-31,5957,2026-01-31,0.0,,0.01009758662580914,0.2862327574623963,0,0,1
SS-022958-PV1,2026-01-31,5957,,,,,,0,0,0
SS-012709-PV1,2026-01-31,5957,2026-01-31,0.0,,0.01391438051893891,0.2862327574623963,0,0,1
SS-010687-PV1,2026-01-31,5957,,,,,,0,0,0
SS-010900-PV1,2026-01-31,5957,,,,,,0,0,0
SS-010899-PV1,2026-01-31,5957,2026-01-31,0.0,,0.01009758662580914,0.2862327574623963,0,0,1
SS-008205-PV1,2026-01-10,1862,,,,,,0,0,0
SS-010268-PV1,2026-01-10,1862,2026-01-10,0.0,,0.013040271255280955,0.19182440394473493,0,0,1
SS-031392-PV1,2026-01-10,1862,,,,,,0,0,0
SS-026978-PV1,2026-01-10,1862,2026-01-10,0.0,,0.009223477362151183,0.19182440394473493,0,0,1
SS-009064-PV1,2026-01-10,1862,,,,,,0,0,0
SS-010267-PV1,2026-01-10,1862,,,,,,0,0,0
SS-008206-PV1,2026-01-10,1862,2026-01-10,0.0,,0.009223477362151183,0.19182440394473493,0,0,1
SS-026979-PV1,2026-01-10,1862,2026-01-10,0.0,,0.009223477362151183,0.19182440394473493,0,0,1
SS-026977-PV1,2026-01-10,1862,2026-01-10,0.0,,0.016857065148410726,0.19182440394473493,0,0,1
SS-018715-PV1,2026-01-10,1862,,,,,,0,0,0
SS-028228-PV1,2026-01-10,1862,2026-01-10,0.0,,0.013040271255280955,0.19182440394473493,0,0,1
SS-013806-PV1,2026-01-10,5448,2026-01-10,0.0,,0.009223477362151183,0.19182440394473493,0,0,1
SS-027671-PV1,2026-01-10,5448,,,,,,0,0,0
SS-013804-PV1,2026-01-10,5448,,,,,,0,0,0
SS-027893-PV1,2026-01-10,5448,,,,,,0,0,0
SS-021290-PV1,2026-01-17,5449,,,,,,0,0,0
SS-029691-PV1,2026-01-17,5449,,,,,,0,0,0
SS-030171-PV1,2026-01-17,5449,,,,,,0,0,0
SS-030169-PV1,2026-01-17,5449,,,,,,0,0,0
SS-011466-PV1,2026-01-17,5449,,,,,,0,0,0
SS-030170-PV1,2026-01-17,5449,,,,,,0,0,0
SS-009026-PV1,2026-01-24,1355,2026-01-24,0.0,,0.008957444107994414,0.2476489378269791,0,0,1
SS-002575-PV1,2026-01-24,1355,,,,,,0,0,0
SS-017475-PV1,2026-01-24,1355,,,,,,0,0,0
SS-020791-PV1,2026-01-24,1355,,,,,,0,0,0
SS-010362-PV1,2026-01-24,1355,,,,,,0,0,0
SS-014788-PV1,2026-01-24,1355,,,,,,0,0,0
SS-010361-PV1,2026-01-24,1355,,,,,,0,0,0
SS-020792-PV1,2026-01-24,1355,,,,,,0,0,0
SS-014789-PV1,2026-01-24,1355,,,,,,0,0,0
SS-021882-PV1,2026-01-10,5967,,,,,,0,0,0
SS-017219-PV1,2026-01-10,5967,,,,,,0,0,0
SS-022970-PV1,2026-01-10,5967,,,,,,0,0,0
SS-013198-PV1,2026-01-10,5967,,,,,,0,0,0
SS-022969-PV1,2026-01-10,5967,,,,,,0,0,0
SS-027833-PV1,2026-01-10,5967,,,,,,0,0,0
SS-013568-PV1,2026-01-17,848,2026-01-17,0.0,,0.04167706841217748,0.16259503843339354,0,0,1
SS-028616-PV1,2026-01-17,848,2026-01-17,0.0,,0.014959511160269078,0.16259503843339354,0,0,1
SS-018370-PV1,2026-01-17,848,2026-01-17,0.0,,0.0645778317709561,0.16259503843339354,0,0,1
SS-028632-PV1,2026-01-17,848,2026-01-17,0.0,,0.04167706841217748,0.16259503843339354,0,0,1
SS-025538-PV1,2026-01-17,848,2026-01-17,0.0,,0.03404348062591793,0.16259503843339354,0,0,1
SS-009608-PV1,2026-01-24,3415,,,,,,0,0,0
SS-001661-PV1,2026-01-24,3415,2026-01-24,0.0,,0.012774238001124184,0.2476489378269791,0,0,1
SS-009609-PV1,2026-01-24,3415,,,,,,0,0,0
SS-001334-PV1,2026-01-24,3415,,,,,,0,0,0
SS-009611-PV1,2026-01-24,3415,,,,,,0,0,0
SS-028958-PV1,2026-01-24,3415,2026-01-24,0.0,,0.008957444107994414,0.2476489378269791,0,0,1
SS-018222-PV1,2026-01-24,3415,,,,,,0,0,0
SS-009610-PV1,2026-01-24,3415,,,,,,0,0,0
SS-008269-PV1,2026-01-24,3415,,,,,,0,0,0
SS-004041-PV1,2026-01-24,5978,,,,,,0,0,0
SS-004102-PV1,2026-01-24,5978,,,,,,0,0,0
SS-004048-PV1,2026-01-24,5978,,,,,,0,0,0
SS-012456-PV1,2026-01-24,5978,,,,,,0,0,0
SS-004050-PV1,2026-01-24,5978,2026-01-24,0.0,,0.016591031894253955,0.2476489378269791,0,0,1
SS-004046-PV1,2026-01-24,5978,,,,,,0,0,0
SS-022974-PV1,2026-01-24,5978,,,,,,0,0,0
SS-022975-PV1,2026-01-24,5978,2026-01-24,0.0,,0.012774238001124184,0.2476489378269791,0,0,1
SS-012455-PV1,2026-01-24,5978,,,,,,0,0,0
SS-028401-PV1,2026-01-31,5467,,,,,,0,0,0
SS-006692-PV1,2026-01-31,5467,,,,,,0,0,0
SS-002141-PV1,2026-01-31,5467,,,,,,0,0,0
SS-026273-PV1,2026-01-31,5467,,,,,,0,0,0
SS-028402-PV1,2026-01-31,5467,,,,,,0,0,0
SS-028403-PV1,2026-01-31,5467,2026-01-31,0.0,,0.01009758662580914,0.2862327574623963,0,0,1
SS-024008-PV1,2026-01-31,5467,,,,,,0,0,0
SS-006675-PV1,2026-01-31,5467,,,,,,0,0,0
SS-018030-PV1,2026-01-31,5467,,,,,,0,0,0
SS-018029-PV1,2026-01-31,5467,2026-01-31,0.0,,0.017731174412068684,0.2862327574623963,0,0,1
SS-026265-PV1,2026-01-31,5467,,,,,,0,0,0
SS-026266-PV1,2026-01-31,5467,2026-01-31,0.0,,0.01009758662580914,0.2862327574623963,0,0,1
SS-001992-PV1,2026-01-24,1374,,,,,,0,0,0
SS-020033-PV1,2026-01-24,1374,2026-01-24,0.0,,0.008957444107994414,0.2476489378269791,0,0,1
SS-020036-PV1,2026-01-24,1374,,,,,,0,0,0
SS-021038-PV1,2026-01-24,1374,,,,,,0,0,0
SS-020035-PV1,2026-01-24,1374,,,,,,0,0,0
SS-012400-PV1,2026-01-24,1374,,,,,,0,0,0
SS-021755-PV1,2026-01-24,1374,,,,,,0,0,0
SS-024470-PV1,2026-01-24,1374,2026-01-24,0.0,,0.008957444107994414,0.2476489378269791,0,0,1
SS-020034-PV1,2026-01-24,1374,,,,,,0,0,0
SS-014626-PV1,2026-01-31,5986,,,,,,0,0,0
SS-001641-PV1,2026-01-31,5986,,,,,,0,0,0
SS-006877-PV1,2026-01-31,5986,,,,,,0,0,0
SS-015095-PV1,2026-01-31,5986,,,,,,0,0,0
SS-006878-PV1,2026-01-31,5986,,,,,,0,0,0
SS-006875-PV1,2026-01-31,5986,,,,,,0,0,0
SS-006876-PV1,2026-01-31,5986,,,,,,0,0,0
SS-016196-PV1,2026-01-31,5986,,,,,,0,0,0
SS-008315-PV1,2026-01-17,5476,2026-01-17,0.0,,0.011142717267139307,0.16259503843339354,0,0,1
SS-018252-PV1,2026-01-17,5476,2026-01-17,0.0,,0.011142717267139307,0.16259503843339354,0,0,1
SS-025198-PV1,2026-01-17,5476,2026-01-17,0.0,,0.018776305053398848,0.16259503843339354,0,0,1
SS-025200-PV1,2026-01-17,5476,2026-01-17,0.0,,0.011142717267139307,0.16259503843339354,0,0,1
SS-025197-PV1,2026-01-17,5476,,,,,,0,0,0
SS-025199-PV1,2026-01-17,5476,,,,,,0,0,0
SS-025193-PV1,2026-01-17,5476,,,,,,0,0,0
SS-004755-PV1,2026-01-17,869,,,,,,0,0,0
SS-016323-PV1,2026-01-17,869,,,,,,0,0,0
SS-028601-PV1,2026-01-17,869,2026-01-17,0.0,,0.014959511160269078,0.16259503843339354,0,0,1
SS-016324-PV1,2026-01-17,869,,,,,,0,0,0
SS-028602-PV1,2026-01-17,869,2026-01-17,0.0,,0.011142717267139307,0.16259503843339354,0,0,1
SS-030131-PV1,2026-01-17,869,,,,,,0,0,0
SS-001891-PV1,2026-01-10,5481,,,,,,0,0,0
SS-001889-PV1,2026-01-10,5481,2026-01-10,0.0,,0.013040271255280955,0.19182440394473493,0,0,1
SS-001887-PV1,2026-01-10,5481,2026-01-10,0.0,,0.016857065148410726,0.19182440394473493,0,0,1
SS-001893-PV1,2026-01-10,5481,2026-01-10,0.0,,0.009223477362151183,0.19182440394473493,0,0,1
SS-003276-PV1,2026-01-10,5481,2026-01-10,0.0,,0.009223477362151183,0.19182440394473493,0,0,1
SS-006486-PV1,2026-01-24,3439,2026-01-24,0.0,,0.012774238001124184,0.2476489378269791,0,0,1
SS-022281-PV1,2026-01-24,3439,,,,,,0,0,0
SS-022267-PV1,2026-01-24,3439,,,,,,0,0,0
SS-024824-PV1,2026-01-10,3440,,,,,,0,0,0
SS-017327-PV1,2026-01-10,3440,,,,,,0,0,0
SS-022274-PV1,2026-01-10,3440,,,,,,0,0,0
SS-003550-PV1,2026-01-10,3440,,,,,,0,0,0
SS-022273-PV1,2026-01-10,3440,,,,,,0,0,0
SS-003549-PV1,2026-01-10,3440,,,,,,0,0,0
SS-001780-PV1,2026-01-17,6000,,,,,,0,0,0
SS-001329-PV1,2026-01-17,6000,,,,,,0,0,0
SS-022881-PV1,2026-01-17,6000,,,,,,0,0,0
SS-001744-PV1,2026-01-17,6000,,,,,,0,0,0
SS-022879-PV1,2026-01-17,6000,,,,,,0,0,0
SS-022883-PV1,2026-01-17,6000,2026-01-17,0.0,,0.011142717267139307,0.16259503843339354,0,0,1
SS-022880-PV1,2026-01-17,6000,,,,,,0,0,0
SS-022882-PV1,2026-01-17,6000,,,,,,0,0,0
SS-001350-PV1,2026-01-17,6000,2026-01-17,0.0,,0.018776305053398848,0.16259503843339354,0,0,1
SS-027600-PV1,2026-02-07,5490,2026-02-07,0.0,,0.035827020362278104,0.17816945863938344,0,0,1
SS-027601-PV1,2026-02-07,5490,,,,,,0,0,0
SS-007214-PV1,2026-02-07,5490,,,,,,0,0,0
SS-024938-PV1,2026-02-07,5487,,,,,,0,0,0
SS-024939-PV1,2026-02-07,5487,,,,,,0,0,0
SS-024937-PV1,2026-02-07,5487,,,,,,0,0,0
SS-005671-PV1,2026-02-07,5487,,,,,,0,0,0
SS-012758-PV1,2026-02-07,5487,,,,,,0,0,0
SS-007587-PV1,2026-01-31,1404,2026-01-31,0.0,,0.013914380518938911,0.2862327574623963,0,0,1
SS-014555-PV1,2026-01-31,1404,,,,,,0,0,0
SS-029653-PV1,2026-01-17,6016,2026-01-17,0.0,,0.014959511160269078,0.16259503843339354,0,0,1
SS-024085-PV1,2026-01-17,6016,2026-01-17,0.0,,0.011142717267139307,0.16259503843339354,0,0,1
SS-029654-PV1,2026-01-17,6016,,,,,,0,0,0
SS-017394-PV1,2026-01-17,6016,,,,,,0,0,0
SS-007183-PV1,2026-01-17,6016,,,,,,0,0,0
SS-017395-PV1,2026-01-17,6016,2026-01-17,0.0,,0.0378602745190477,0.16259503843339354,0,0,1
SS-030526-PV1,2026-01-10,2433,,,,,,0,0,0
SS-030527-PV1,2026-01-10,2433,,,,,,0,0,0
SS-023861-PV1,2026-01-10,2433,,,,,,0,0,0
SS-030530-PV1,2026-01-10,2433,,,,,,0,0,0
SS-030528-PV1,2026-01-10,2433,,,,,,0,0,0
SS-030529-PV1,2026-01-10,2433,,,,,,0,0,0
SS-033363-PV1,2026-01-17,3458,,,,,,0,0,0
SS-004259-PV1,2026-01-17,3458,2026-01-17,0.0,,0.011142717267139307,0.16259503843339354,0,0,1
SS-008083-PV1,2026-01-17,3458,2026-01-17,0.0,,0.011142717267139309,0.16259503843339354,0,0,1
SS-008086-PV1,2026-01-17,3458,2026-01-17,0.0,,0.011142717267139307,0.16259503843339354,0,0,1
SS-004262-PV1,2026-01-17,3458,,,,,,0,0,0
SS-004260-PV1,2026-01-17,3458,2026-01-17,0.0,,0.014959511160269078,0.16259503843339354,0,0,1
SS-020724-PV1,2026-01-17,3458,,,,,,0,0,0
SS-029134-PV1,2026-01-17,3458,,,,,,0,0,0
SS-029471-PV1,2026-01-17,3458,2026-01-17,0.0,,0.02259309894652862,0.16259503843339354,0,0,1
SS-008082-PV1,2026-01-17,3458,,,,,,0,0,0
SS-020725-PV1,2026-01-17,3458,2026-01-17,0.0,,0.018776305053398848,0.16259503843339354,0,0,1
SS-004261-PV1,2026-01-17,3458,2026-01-17,0.0,,0.02259309894652862,0.16259503843339354,0,0,1
SS-029039-PV1,2026-01-17,3458,,,,,,0,0,0
SS-033361-PV1,2026-01-17,3458,,,,,,0,0,0
SS-021438-PV1,2026-01-31,6019,,,,,,0,0,0
SS-003105-PV1,2026-01-31,6019,,,,,,0,0,0
SS-021427-PV1,2026-01-31,6019,,,,,,0,0,0
SS-005605-PV1,2026-01-31,6019,,,,,,0,0,0
SS-030858-PV1,2026-01-17,5509,,,,,,0,0,0
SS-030853-PV1,2026-01-17,5509,,,,,,0,0,0
SS-030860-PV1,2026-01-17,5509,,,,,,0,0,0
SS-030856-PV1,2026-01-17,5509,,,,,,0,0,0
SS-030859-PV1,2026-01-17,5509,,,,,,0,0,0
SS-030854-PV1,2026-01-17,5509,,,,,,0,0,0
SS-001213-PV1,2026-01-17,3465,,,,,,0,0,0
SS-028977-PV1,2026-01-17,3465,2026-01-17,0.0,,0.02259309894652862,0.16259503843339354,0,0,1
SS-002258-PV1,2026-01-17,3465,,,,,,0,0,0
SS-007613-PV1,2026-01-17,3465,,,,,,0,0,0
SS-001212-PV1,2026-01-17,3465,,,,,,0,0,0
SS-007633-PV1,2026-01-17,3465,,,,,,0,0,0
SS-001183-PV1,2026-01-17,3465,,,,,,0,0,0
SS-009218-PV1,2026-01-17,3465,,,,,,0,0,0
SS-001778-PV1,2026-01-17,3465,,,,,,0,0,0
SS-009219-PV1,2026-01-17,3465,,,,,,0,0,0
SS-013479-PV1,2026-01-24,3466,2026-01-24,0.0,,0.008957444107994414,0.2476489378269791,0,0,1
SS-001050-PV1,2026-01-24,3466,2026-01-24,0.0,,0.008957444107994414,0.2476489378269791,0,0,1
SS-001049-PV1,2026-01-24,3466,,,,,,0,0,0
SS-029604-PV1,2026-01-31,2967,2026-01-31,0.0,,0.025364762198328224,0.2862327574623963,0,0,1
SS-024304-PV1,2026-01-31,2967,2026-01-31,0.0,,0.013914380518938911,0.2862327574623963,0,0,1
SS-024303-PV1,2026-01-31,2967,,,,,,0,0,0
SS-025491-PV1,2026-01-31,2967,2026-01-31,0.0,,0.01009758662580914,0.2862327574623963,0,0,1
SS-023974-PV1,2026-01-31,2967,,,,,,0,0,0
SS-029615-PV1,2026-01-31,2967,2026-01-31,0.0,,0.05589911334336639,0.2862327574623963,0,0,1
SS-030327-PV1,2026-01-31,2967,2026-01-31,0.0,,0.01009758662580914,0.2862327574623963,0,0,1
SS-025492-PV1,2026-01-31,2967,,,,,,0,0,0
SS-027405-PV1,2026-01-31,5528,2026-01-31,0.0,,0.013914380518938911,0.2862327574623963,0,0,1
SS-030340-PV1,2026-01-31,5528,2026-01-31,0.0,,0.03681514387771753,0.2862327574623963,0,0,1
SS-017119-PV1,2026-01-31,5528,,,,,,0,0,0
SS-030342-PV1,2026-01-31,5528,2026-01-31,0.0,,0.013914380518938911,0.2862327574623963,0,0,1
SS-028088-PV1,2026-01-31,5528,,,,,,0,0,0
SS-017121-PV1,2026-01-31,5528,,,,,,0,0,0
SS-030344-PV1,2026-01-31,5528,2026-01-31,0.0,,0.021547968305198454,0.2862327574623963,0,0,1
SS-010529-PV1,2026-01-31,5528,,,,,,0,0,0
SS-030341-PV1,2026-01-31,5528,2026-01-31,1.0,0.0,0.03681514387771753,0.2862327574623963,0,1,0
SS-017120-PV1,2026-01-31,5528,,,,,,0,0,0
SS-030343-PV1,2026-01-31,5528,,,,,,0,0,0
SS-011280-PV1,2026-01-17,5534,,,,,,0,0,0
SS-007485-PV1,2026-01-17,5534,,,,,,0,0,0
SS-022019-PV1,2026-01-17,5534,2026-01-17,0.0,,0.011142717267139307,0.16259503843339354,0,0,1
SS-011281-PV1,2026-01-17,5534,2026-01-17,0.0,,0.011142717267139307,0.16259503843339354,0,0,1
SS-022032-PV1,2026-01-17,5534,,,,,,0,0,0
SS-018142-PV1,2026-01-17,5534,,,,,,0,0,0
SS-007486-PV1,2026-01-17,5534,2026-01-17,0.0,,0.014959511160269078,0.16259503843339354,0,0,1
SS-022018-PV1,2026-01-17,5534,,,,,,0,0,0
SS-007484-PV1,2026-01-17,5534,2026-01-17,0.0,,0.011142717267139307,0.16259503843339354,0,0,1
SS-004296-PV1,2026-01-10,3489,2026-01-10,0.0,,0.013040271255280955,0.19182440394473493,0,0,1
SS-027508-PV1,2026-01-10,3489,,,,,,0,0,0
SS-004298-PV1,2026-01-10,3489,,,,,,0,0,0
SS-017802-PV1,2026-01-10,3489,,,,,,0,0,0
SS-026586-PV1,2026-01-10,3489,2026-01-10,0.0,,0.051208210186578666,0.19182440394473493,0,0,1
SS-004297-PV1,2026-01-10,3489,,,,,,0,0,0
SS-021783-PV1,2026-01-10,5544,,,,,,0,0,0
SS-022636-PV1,2026-01-10,5544,,,,,,0,0,0
SS-022637-PV1,2026-01-10,5544,,,,,,0,0,0
SS-027701-PV1,2026-02-07,3500,,,,,,0,0,0
SS-026806-PV1,2026-02-07,3500,,,,,,0,0,0
SS-027595-PV1,2026-02-07,3500,2026-02-07,0.0,,0.00910946311036971,0.17816945863938344,0,0,1
SS-025049-PV1,2026-02-07,3500,,,,,,0,0,0
SS-027703-PV1,2026-02-07,3500,,,,,,0,0,0
SS-028051-PV1,2026-02-07,3500,,,,,,0,0,0
SS-027702-PV1,2026-02-07,3500,,,,,,0,0,0
SS-027594-PV1,2026-02-07,3500,2026-02-07,0.0,,0.00910946311036971,0.17816945863938344,0,0,1
SS-007118-PV1,2026-01-24,3502,,,,,,0,0,0
SS-007116-PV1,2026-01-24,3502,,,,,,0,0,0
SS-021853-PV1,2026-01-24,3502,,,,,,0,0,0
SS-007119-PV1,2026-01-24,3502,,,,,,0,0,0
SS-009163-PV1,2026-01-24,3502,,,,,,0,0,0
SS-001855-PV1,2026-01-24,3502,,,,,,0,0,0
SS-007117-PV1,2026-01-24,3502,,,,,,0,0,0
SS-009346-PV1,2026-01-24,3502,,,,,,0,0,0
SS-021854-PV1,2026-01-24,3502,,,,,,0,0,0
SS-008259-PV1,2026-01-24,3502,2026-01-24,0.0,,0.012774238001124184,0.2476489378269791,0,0,1
SS-004542-PV1,2026-01-24,3502,,,,,,0,0,0
SS-007115-PV1,2026-01-24,3502,,,,,,0,0,0
SS-017852-PV1,2026-01-17,5552,2026-01-17,0.0,,0.05694424398469656,0.16259503843339354,0,0,1
SS-019048-PV1,2026-01-17,5552,2026-01-17,0.0,,0.12946332795416218,0.16259503843339354,0,0,1
SS-001679-PV1,2026-01-31,3507,2026-01-31,0.0,,0.01009758662580914,0.2862327574623963,0,0,1
SS-024753-PV1,2026-01-31,3507,2026-01-31,0.0,,0.03299834998458776,0.2862327574623963,0,0,1
SS-025526-PV1,2026-01-31,3507,2026-01-31,0.0,,0.017731174412068684,0.2862327574623963,0,0,1
SS-006709-PV1,2026-01-31,3507,,,,,,0,0,0
SS-024755-PV1,2026-01-31,3507,2026-01-31,0.0,,0.021547968305198454,0.2862327574623963,0,0,1
SS-028024-PV1,2026-01-31,3507,2026-01-31,0.0,,0.013914380518938911,0.2862327574623963,0,0,1
SS-025525-PV1,2026-01-31,3507,2026-01-31,0.0,,0.021547968305198454,0.2862327574623963,0,0,1
SS-001678-PV1,2026-01-31,3507,2026-01-31,0.0,,0.01009758662580914,0.2862327574623963,0,0,1
SS-024756-PV1,2026-01-31,3507,2026-01-31,0.0,,0.029181556091457995,0.2862327574623963,0,0,1
SS-001683-PV1,2026-01-31,3507,2026-01-31,0.0,,0.013914380518938911,0.2862327574623963,0,0,1
SS-001681-PV1,2026-01-31,3507,,,,,,0,0,0
SS-032414-PV1,2026-01-24,5048,,,,,,0,0,0
SS-032403-PV1,2026-01-24,5048,,,,,,0,0,0
SS-032407-PV1,2026-01-24,5048,,,,,,0,0,0
SS-032466-PV1,2026-01-24,5048,,,,,,0,0,0
SS-032450-PV1,2026-01-24,5048,,,,,,0,0,0
SS-032430-PV1,2026-01-24,5048,,,,,,0,0,0
SS-032412-PV1,2026-01-24,5048,,,,,,0,0,0
SS-032402-PV1,2026-01-24,5048,,,,,,0,0,0
SS-032429-PV1,2026-01-24,5048,,,,,,0,0,0
SS-032421-PV1,2026-01-24,5048,,,,,,0,0,0
SS-032413-PV1,2026-01-24,5048,,,,,,0,0,0
SS-032468-PV1,2026-01-24,5048,,,,,,0,0,0
SS-032467-PV1,2026-01-24,5048,,,,,,0,0,0
SS-012510-PV1,2026-01-17,5051,2026-01-17,0.0,,0.011142717267139307,0.16259503843339354,0,0,1
SS-012511-PV1,2026-01-17,5051,,,,,,0,0,0
SS-022204-PV1,2026-01-17,5051,2026-01-17,0.0,,0.014959511160269078,0.16259503843339354,0,0,1
SS-022181-PV1,2026-01-17,5051,2026-01-17,0.0,,0.018776305053398848,0.16259503843339354,0,0,1
SS-012512-PV1,2026-01-17,5051,2026-01-17,0.0,,0.04931065619843702,0.16259503843339354,0,0,1
SS-007811-PV1,2026-01-17,5051,2026-01-17,0.0,,0.018776305053398848,0.16259503843339354,0,0,1
SS-027308-PV1,2026-01-17,5051,,,,,,0,0,0
SS-012509-PV1,2026-01-17,5051,2026-01-17,0.0,,0.02259309894652862,0.16259503843339354,0,0,1
SS-027310-PV1,2026-01-17,5051,,,,,,0,0,0
SS-027309-PV1,2026-01-17,5051,,,,,,0,0,0
SS-022188-PV1,2026-01-17,5051,2026-01-17,0.0,,0.018776305053398848,0.16259503843339354,0,0,1
SS-022182-PV1,2026-01-17,5051,2026-01-17,0.0,,0.014959511160269078,0.16259503843339354,0,0,1
SS-022187-PV1,2026-01-17,5051,2026-01-17,0.0,,0.0378602745190477,0.16259503843339354,0,0,1
SS-027307-PV1,2026-01-17,5051,,,,,,0,0,0
SS-025220-PV1,2026-02-07,3517,,,,,,0,0,0
SS-001490-PV1,2026-02-07,3517,,,,,,0,0,0
SS-016304-PV1,2026-02-07,3517,,,,,,0,0,0
SS-025218-PV1,2026-02-07,3517,2026-02-07,0.0,,0.00910946311036971,0.17816945863938344,0,0,1
SS-016305-PV1,2026-02-07,3517,2026-02-07,0.0,,0.00910946311036971,0.17816945863938344,0,0,1
SS-025219-PV1,2026-02-07,3517,2026-02-07,0.0,,0.00910946311036971,0.17816945863938344,0,0,1
SS-006310-PV1,2026-01-17,5571,2026-01-17,0.0,,0.011142717267139307,0.16259503843339354,0,0,1
SS-010324-PV1,2026-01-17,5571,2026-01-17,0.0,,0.011142717267139307,0.16259503843339354,0,0,1
SS-001784-PV1,2026-01-17,5571,,,,,,0,0,0
SS-010325-PV1,2026-01-17,5571,,,,,,0,0,0
SS-006311-PV1,2026-01-17,5571,2026-01-17,0.0,,0.014959511160269078,0.16259503843339354,0,0,1
SS-006312-PV1,2026-01-17,5571,2026-01-17,0.0,,0.014959511160269078,0.16259503843339354,0,0,1
SS-001785-PV1,2026-01-17,5571,2026-01-17,0.0,,0.014959511160269078,0.16259503843339354,0,0,1
SS-007430-PV1,2026-01-17,5571,,,,,,0,0,0
SS-009220-PV1,2026-01-17,5571,,,,,,0,0,0
SS-007429-PV1,2026-01-17,5571,2026-01-17,0.0,,0.02259309894652862,0.16259503843339354,0,0,1
SS-021987-PV1,2026-01-17,5571,2026-01-17,0.0,,0.018776305053398848,0.16259503843339354,0,0,1
SS-007428-PV1,2026-01-17,5571,,,,,,0,0,0
SS-019994-PV1,2026-01-17,1989,,,,,,0,0,0
SS-004867-PV1,2026-01-17,1989,,,,,,0,0,0
SS-004866-PV1,2026-01-17,1989,,,,,,0,0,0
SS-009935-PV1,2026-01-17,1989,,,,,,0,0,0
SS-025235-PV1,2026-01-17,1989,,,,,,0,0,0
SS-014748-PV1,2026-01-17,1989,,,,,,0,0,0
SS-004865-PV1,2026-01-17,1989,,,,,,0,0,0
SS-019995-PV1,2026-01-17,1989,,,,,,0,0,0
SS-021232-PV1,2026-01-17,1989,,,,,,0,0,0
SS-025236-PV1,2026-01-17,1989,,,,,,0,0,0
SS-023807-PV1,2026-01-17,1989,,,,,,0,0,0
SS-001413-PV1,2026-01-17,5061,,,,,,0,0,0
SS-001414-PV1,2026-01-17,5061,,,,,,0,0,0
SS-018225-PV1,2026-01-17,5061,,,,,,0,0,0
SS-018224-PV1,2026-01-17,5061,,,,,,0,0,0
SS-009615-PV1,2026-01-17,5061,2026-01-17,0.0,,0.014959511160269078,0.16259503843339354,0,0,1
SS-022891-PV1,2026-01-17,5061,,,,,,0,0,0
SS-003573-PV1,2026-01-17,5061,,,,,,0,0,0
SS-026490-PV1,2026-01-17,5061,,,,,,0,0,0
SS-001412-PV1,2026-01-17,5061,,,,,,0,0,0
SS-009613-PV1,2026-01-17,5061,,,,,,0,0,0
SS-001415-PV1,2026-01-17,5061,,,,,,0,0,0
SS-006524-PV1,2026-02-07,1484,,,,,,0,0,0
SS-017325-PV1,2026-02-07,1484,2026-02-07,0.0,,0.01292625700349948,0.17816945863938344,0,0,1
SS-004497-PV1,2026-02-07,1484,,,,,,0,0,0
SS-017326-PV1,2026-02-07,1484,2026-02-07,0.0,,0.00910946311036971,0.17816945863938344,0,0,1
SS-003941-PV1,2026-01-10,462,,,,,,0,0,0
SS-004284-PV1,2026-01-10,462,,,,,,0,0,0
SS-028333-PV1,2026-01-10,462,,,,,,0,0,0
SS-003828-PV1,2026-01-10,462,,,,,,0,0,0
SS-003937-PV1,2026-01-10,462,2026-01-10,0.0,,0.016857065148410726,0.19182440394473493,0,0,1
SS-004283-PV1,2026-01-10,462,,,,,,0,0,0
SS-003832-PV1,2026-01-10,462,,,,,,0,0,0
SS-004285-PV1,2026-01-10,462,,,,,,0,0,0
SS-038453-PV1,2026-01-10,462,,,,,,0,0,0
SS-021612-PV1,2026-01-17,2510,,,,,,0,0,0
SS-009476-PV1,2026-01-17,2510,,,,,,0,0,0
SS-024447-PV1,2026-01-17,2510,,,,,,0,0,0
SS-024448-PV1,2026-01-17,2510,2026-01-17,0.0,,0.011142717267139307,0.16259503843339354,0,0,1
SS-017331-PV1,2026-01-17,2510,,,,,,0,0,0
SS-023011-PV1,2026-01-17,2510,2026-01-17,0.0,,0.011142717267139307,0.16259503843339354,0,0,1
SS-028224-PV1,2026-01-17,2510,2026-01-17,0.0,,0.011142717267139307,0.16259503843339354,0,0,1
SS-009477-PV1,2026-01-17,2510,,,,,,0,0,0
SS-027742-PV1,2026-01-31,1489,2026-01-31,0.0,,0.013914380518938911,0.2862327574623963,0,0,1
SS-027751-PV1,2026-01-31,1489,,,,,,0,0,0
SS-027741-PV1,2026-01-31,1489,2026-01-31,0.0,,0.013914380518938911,0.2862327574623963,0,0,1
SS-027573-PV1,2026-01-31,1489,,,,,,0,0,0
SS-006483-PV1,2026-01-31,1489,,,,,,0,0,0
SS-006484-PV1,2026-01-31,1489,,,,,,0,0,0
SS-027571-PV1,2026-01-31,1489,2026-01-31,0.0,,0.01391438051893891,0.2862327574623963,0,0,1
SS-021281-PV1,2026-01-24,5590,2026-01-24,0.0,,0.008957444107994414,0.2476489378269791,0,0,1
SS-014464-PV1,2026-01-24,5590,2026-01-24,0.0,,0.008957444107994414,0.2476489378269791,0,0,1
SS-003358-PV1,2026-01-24,5590,,,,,,0,0,0
SS-014471-PV1,2026-01-24,5590,,,,,,0,0,0
SS-014472-PV1,2026-01-24,5590,,,,,,0,0,0
SS-021280-PV1,2026-01-24,5590,2026-01-24,0.0,,0.008957444107994414,0.2476489378269791,0,0,1
SS-019461-PV1,2026-01-24,5597,,,,,,0,0,0
SS-016821-PV1,2026-01-24,5597,,,,,,0,0,0
SS-019462-PV1,2026-01-24,5597,2026-01-24,0.0,,0.008957444107994414,0.2476489378269791,0,0,1
SS-025891-PV1,2026-01-24,5597,,,,,,0,0,0
SS-009845-PV1,2026-01-24,5597,,,,,,0,0,0
SS-029577-PV1,2026-01-17,5088,,,,,,0,0,0
SS-029579-PV1,2026-01-17,5088,,,,,,0,0,0
SS-029583-PV1,2026-01-17,5088,,,,,,0,0,0
SS-029582-PV1,2026-01-17,5088,,,,,,0,0,0
SS-027997-PV1,2026-01-17,5088,,,,,,0,0,0
SS-030117-PV1,2026-01-17,5088,,,,,,0,0,0
SS-019830-PV1,2026-01-17,5088,,,,,,0,0,0
SS-019829-PV1,2026-01-17,5088,,,,,,0,0,0
SS-029578-PV1,2026-01-17,5088,,,,,,0,0,0
SS-029580-PV1,2026-01-17,5088,,,,,,0,0,0
SS-010655-PV1,2026-01-10,5602,,,,,,0,0,0
SS-028836-PV1,2026-01-10,5602,,,,,,0,0,0
SS-010651-PV1,2026-01-10,5602,,,,,,0,0,0
SS-028839-PV1,2026-01-10,5602,,,,,,0,0,0
SS-003167-PV1,2026-01-10,5602,,,,,,0,0,0
SS-010652-PV1,2026-01-10,5602,,,,,,0,0,0
SS-010653-PV1,2026-01-10,5602,,,,,,0,0,0
SS-010656-PV1,2026-01-10,5602,,,,,,0,0,0
SS-011897-PV1,2026-01-10,5602,2026-01-10,0.0,,0.013040271255280953,0.19182440394473493,0,0,1
SS-011898-PV1,2026-01-10,5602,2026-01-10,0.0,,0.009223477362151183,0.19182440394473493,0,0,1
SS-028842-PV1,2026-01-10,5602,,,,,,0,0,0
SS-010654-PV1,2026-01-10,5602,,,,,,0,0,0
SS-005211-PV1,2026-01-10,5602,,,,,,0,0,0
SS-009227-PV1,2026-01-10,5602,,,,,,0,0,0
SS-010657-PV1,2026-01-10,5602,,,,,,0,0,0
SS-010327-PV1,2026-01-10,5602,,,,,,0,0,0
SS-003166-PV1,2026-01-10,5602,2026-01-10,0.0,,0.016857065148410726,0.19182440394473493,0,0,1
SS-024737-PV1,2026-01-10,2018,,,,,,0,0,0
SS-028356-PV1,2026-01-10,2018,,,,,,0,0,0
SS-007365-PV1,2026-01-10,2018,,,,,,0,0,0
SS-007364-PV1,2026-01-10,2018,,,,,,0,0,0
SS-028355-PV1,2026-01-10,2018,,,,,,0,0,0
SS-024571-PV1,2026-01-10,2018,,,,,,0,0,0
SS-024736-PV1,2026-01-10,2018,,,,,,0,0,0
SS-024738-PV1,2026-01-10,2018,,,,,,0,0,0
SS-024735-PV1,2026-01-10,2018,,,,,,0,0,0
SS-026600-PV1,2026-01-10,2018,,,,,,0,0,0
SS-027367-PV1,2026-01-17,1509,,,,,,0,0,0
SS-017687-PV1,2026-01-17,1509,,,,,,0,0,0
SS-029367-PV1,2026-01-17,1509,,,,,,0,0,0
SS-029368-PV1,2026-01-17,1509,,,,,,0,0,0
SS-029342-PV1,2026-01-17,1509,,,,,,0,0,0
SS-017693-PV1,2026-01-17,1509,,,,,,0,0,0
SS-027368-PV1,2026-01-17,1509,2026-01-17,0.0,,0.011142717267139307,0.16259503843339354,0,0,1
SS-029598-PV1,2026-01-17,1509,,,,,,0,0,0
SS-020328-PV1,2026-01-17,1509,2026-01-17,0.0,,0.03022668673278816,0.16259503843339354,0,0,1
SS-029366-PV1,2026-01-17,1509,,,,,,0,0,0
SS-015422-PV1,2026-01-17,1509,,,,,,0,0,0
SS-020430-PV1,2026-01-24,3046,,,,,,0,0,0
SS-028463-PV1,2026-01-24,3046,,,,,,0,0,0
SS-028462-PV1,2026-01-24,3046,,,,,,0,0,0
SS-028464-PV1,2026-01-24,3046,,,,,,0,0,0
SS-020411-PV1,2026-01-24,3046,,,,,,0,0,0
SS-020412-PV1,2026-01-24,3046,,,,,,0,0,0
SS-019198-PV1,2026-01-24,3049,2026-01-24,0.0,,0.024224619680513496,0.2476489378269791,0,0,1
SS-019235-PV1,2026-01-24,3049,2026-01-24,0.0,,0.020407825787383725,0.2476489378269791,0,0,1
SS-019158-PV1,2026-01-24,3049,2026-01-24,0.0,,0.008957444107994414,0.2476489378269791,0,0,1
SS-019236-PV1,2026-01-24,3049,,,,,,0,0,0
SS-010741-PV1,2026-01-10,3568,,,,,,0,0,0
SS-019112-PV1,2026-01-10,3568,,,,,,0,0,0
SS-013582-PV1,2026-01-10,3568,,,,,,0,0,0
SS-019111-PV1,2026-01-10,3568,,,,,,0,0,0
SS-019110-PV1,2026-01-10,3568,,,,,,0,0,0
SS-023499-PV1,2026-01-31,3056,,,,,,0,0,0
SS-024202-PV1,2026-01-31,3056,,,,,,0,0,0
SS-022621-PV1,2026-01-31,3056,,,,,,0,0,0
SS-012729-PV1,2026-01-31,3056,,,,,,0,0,0
SS-012728-PV1,2026-01-31,3056,,,,,,0,0,0
SS-012730-PV1,2026-01-31,3056,,,,,,0,0,0
SS-022620-PV1,2026-01-31,3056,,,,,,0,0,0
SS-024201-PV1,2026-01-31,3056,,,,,,0,0,0
SS-011763-PV1,2026-01-31,3056,,,,,,0,0,0
SS-001197-PV1,2026-01-10,3570,2026-01-10,0.0,,0.024490652934670266,0.19182440394473493,0,0,1
SS-028636-PV1,2026-01-10,3570,,,,,,0,0,0
SS-020246-PV1,2026-01-10,3570,,,,,,0,0,0
SS-011140-PV1,2026-01-10,3570,,,,,,0,0,0
SS-011141-PV1,2026-01-10,3570,2026-01-10,0.0,,0.013040271255280955,0.19182440394473493,0,0,1
SS-028634-PV1,2026-01-10,3570,,,,,,0,0,0
SS-012721-PV1,2026-01-24,3058,,,,,,0,0,0
SS-034128-PV1,2026-01-24,3058,2026-01-24,0.0,,0.008957444107994414,0.2476489378269791,0,0,1
SS-016075-PV1,2026-01-24,3058,,,,,,0,0,0
SS-016076-PV1,2026-01-24,3058,,,,,,0,0,0
SS-017079-PV1,2026-01-24,3058,2026-01-24,0.0,,0.008957444107994414,0.2476489378269791,0,0,1
SS-001861-PV1,2026-01-24,3058,2026-01-24,0.0,,0.024224619680513496,0.2476489378269791,0,0,1
SS-016070-PV1,2026-01-24,3058,,,,,,0,0,0
SS-017078-PV1,2026-01-24,3058,2026-01-24,0.0,,0.008957444107994414,0.2476489378269791,0,0,1
SS-032178-PV1,2026-01-24,3058,2026-01-24,0.0,,0.012774238001124184,0.2476489378269791,0,0,1
SS-001862-PV1,2026-01-24,3058,2026-01-24,0.0,,0.03567500135990281,0.2476489378269791,0,0,1
SS-035596-PV1,2026-01-24,3058,2026-01-24,0.0,,0.008957444107994414,0.2476489378269791,0,0,1
SS-032170-PV1,2026-01-24,3058,,,,,,0,0,0
SS-006866-PV1,2026-01-31,3061,,,,,,0,0,0
SS-002440-PV1,2026-01-31,3061,,,,,,0,0,0
SS-011150-PV1,2026-01-31,3061,,,,,,0,0,0
SS-011149-PV1,2026-01-31,3061,2026-01-31,0.0,,0.01009758662580914,0.2862327574623963,0,0,1
SS-011148-PV1,2026-01-31,3061,2026-01-31,0.0,,0.01009758662580914,0.2862327574623963,0,0,1
SS-011152-PV1,2026-01-31,3061,,,,,,0,0,0
SS-006867-PV1,2026-01-31,3061,,,,,,0,0,0
SS-002439-PV1,2026-01-31,3061,,,,,,0,0,0
SS-002438-PV1,2026-01-31,3061,,,,,,0,0,0
SS-019526-PV1,2026-01-31,3061,2026-01-31,0.0,,0.013914380518938911,0.2862327574623963,0,0,1
SS-011151-PV1,2026-01-31,3061,2026-01-31,0.0,,0.017731174412068684,0.2862327574623963,0,0,1
SS-012449-PV1,2026-01-24,3062,,,,,,0,0,0
SS-023838-PV1,2026-01-24,3062,,,,,,0,0,0
SS-015330-PV1,2026-01-24,3062,,,,,,0,0,0
SS-007045-PV1,2026-01-24,3062,,,,,,0,0,0
SS-015331-PV1,2026-01-24,3062,2026-01-24,0.0,,0.008957444107994414,0.2476489378269791,0,0,1
SS-012445-PV1,2026-01-24,3062,2026-01-24,0.0,,0.012774238001124184,0.2476489378269791,0,0,1
SS-023839-PV1,2026-01-24,3062,,,,,,0,0,0
SS-015332-PV1,2026-01-24,3062,,,,,,0,0,0
SS-012446-PV1,2026-01-24,3062,,,,,,0,0,0
SS-007044-PV1,2026-01-24,3062,,,,,,0,0,0
SS-012453-PV1,2026-01-24,3576,,,,,,0,0,0
SS-024369-PV1,2026-01-24,3576,,,,,,0,0,0
SS-021966-PV1,2026-01-31,5627,,,,,,0,0,0
SS-009521-PV1,2026-01-31,5627,,,,,,0,0,0
SS-010205-PV1,2026-01-31,5627,,,,,,0,0,0
SS-009522-PV1,2026-01-31,5627,,,,,,0,0,0
SS-016658-PV1,2026-01-31,5627,,,,,,0,0,0
SS-010204-PV1,2026-01-31,5627,,,,,,0,0,0
SS-010203-PV1,2026-01-31,5627,,,,,,0,0,0
SS-021965-PV1,2026-01-31,5627,2026-01-31,0.0,,0.01009758662580914,0.2862327574623963,0,0,1
SS-009523-PV1,2026-01-31,5627,,,,,,0,0,0
SS-028814-PV1,2026-01-31,5627,,,,,,0,0,0
SS-010635-PV1,2026-01-31,5627,,,,,,0,0,0
SS-008481-PV1,2026-01-31,5627,,,,,,0,0,0
SS-009524-PV1,2026-01-31,5627,,,,,,0,0,0
SS-015704-PV1,2026-01-31,5118,,,,,,0,0,0
SS-009951-PV1,2026-01-31,5118,,,,,,0,0,0
SS-015433-PV1,2026-01-31,5118,2026-01-31,0.0,,0.013914380518938911,0.2862327574623963,0,0,1
SS-015706-PV1,2026-01-31,5118,,,,,,0,0,0
SS-015442-PV1,2026-01-31,5118,,,,,,0,0,0
SS-001812-PV1,2026-01-31,5118,,,,,,0,0,0
SS-015705-PV1,2026-01-31,5118,,,,,,0,0,0
SS-015441-PV1,2026-01-31,5118,,,,,,0,0,0
